Date and Time, Julian Day, RA (J2000), Dec (J2000), Mag., Phase, "Dist., AU", Elong.
1985-01-01 06:17:00, 2446066.47014,   19h08m29.1s, -51°20'34.1", 21.41, 99.99%, 29.356788, +28°38'53.5"
1985-01-11 06:16:59, 2446076.47014,   19h10m38.4s, -51°17'21.4", 27.55, 99.99%, 29.304605, +29°43'18.3"
1985-01-21 06:16:59, 2446086.47014,   19h12m46.3s, -51°15'44.2", 21.56, 99.99%, 29.226951, +33°31'01.3"
1985-01-31 06:16:59, 2446096.47014,   19h14m49.2s, -51°15'45.1", 20.63, 99.99%, 29.124715, +39°14'39.6"
1985-02-10 06:16:59, 2446106.47013,   19h16m43.9s, -51°17'23.6", 20.34, 99.98%, 28.999820, +46°10'19.1"
1985-02-20 06:16:59, 2446116.47013,   19h18m27.1s, -51°20'37.9", 20.20, 99.98%, 28.854621, +53°49'32.1"
1985-03-02 06:16:59, 2446126.47013,   19h19m56.0s, -51°25'23.7", 20.11, 99.98%, 28.692091, +61°54'49.7"
1985-03-12 06:16:59, 2446136.47013,   19h21m07.8s, -51°31'33.4", 20.05, 99.97%, 28.515926, +70°15'24.7"
1985-03-22 06:16:59, 2446146.47013,   19h22m00.4s, -51°38'58.0", 20.01, 99.97%, 28.329904, +78°45'03.9"
1985-04-01 06:16:59, 2446156.47013,   19h22m31.7s, -51°47'25.1", 19.97, 99.97%, 28.138282, +87°18'47.1"
1985-04-11 06:16:59, 2446166.47013,   19h22m40.5s, -51°56'39.3", 19.94, 99.97%, 27.945530, +95°52'27.4"
1985-04-21 06:16:59, 2446176.47013,   19h22m26.1s, -52°06'23.9", 19.92, 99.97%, 27.755873, +104°22'55.0"
1985-05-01 06:16:58, 2446186.47013,   19h21m48.2s, -52°16'19.1", 19.91, 99.97%, 27.573743, +112°45'36.5"
1985-05-11 06:16:58, 2446196.47013,   19h20m47.7s, -52°26'03.9", 19.91, 99.98%, 27.403224, +120°54'40.0"
1985-05-21 06:16:58, 2446206.47012,   19h19m25.7s, -52°35'17.2", 19.93, 99.98%, 27.247930, +128°42'13.4"
1985-05-31 06:16:58, 2446216.47012,   19h17m44.3s, -52°43'36.9", 19.97, 99.98%, 27.111324, +135°54'38.0"
1985-06-10 06:16:58, 2446226.47012,   19h15m46.7s, -52°50'43.0", 20.06, 99.99%, 26.996059, +142°10'10.3"
1985-06-20 06:16:58, 2446236.47012,   19h13m36.1s, -52°56'17.7", 20.28, 99.99%, 26.904224, +146°55'30.1"
1985-06-30 06:16:58, 2446246.47012,   19h11m16.7s, -53°00'05.6", 21.05, 99.99%, 26.837395, +149°26'42.5"
1985-07-10 06:16:58, 2446256.47012,   19h08m53.1s, -53°01'56.7", 28.14, 99.99%, 26.796107, +149°10'16.9"
1985-07-20 06:16:58, 2446266.47012,   19h06m29.9s, -53°01'44.8", 21.04, 99.99%, 26.780372, +146°10'11.4"
1985-07-30 06:16:58, 2446276.47012,   19h04m11.9s, -52°59'28.6", 20.25, 99.99%, 26.789438, +141°04'18.4"
1985-08-09 06:16:58, 2446286.47012,   19h02m03.6s, -52°55'12.6", 20.00, 99.98%, 26.821595, +134°35'19.4"
1985-08-19 06:16:57, 2446296.47012,   19h00m09.1s, -52°49'04.8", 19.89, 99.98%, 26.874760, +127°14'08.7"
1985-08-29 06:16:57, 2446306.47011,   18h58m32.1s, -52°41'17.6", 19.83, 99.97%, 26.946037, +119°20'54.2"
1985-09-08 06:16:57, 2446316.47011,   18h57m15.2s, -52°32'06.8", 19.79, 99.97%, 27.031947, +111°07'43.3"
1985-09-18 06:16:57, 2446326.47011,   18h56m20.7s, -52°21'49.4", 19.77, 99.97%, 27.128837, +102°41'56.6"
1985-09-28 06:16:57, 2446336.47011,   18h55m49.9s, -52°10'44.6", 19.76, 99.97%, 27.232434, +94°09'21.5"
1985-10-08 06:16:57, 2446346.47011,   18h55m43.2s, -51°59'11.6", 19.76, 99.97%, 27.338403, +85°33'53.8"
1985-10-18 06:16:57, 2446356.47011,   18h56m00.5s, -51°47'28.8", 19.76, 99.97%, 27.442452, +76°58'49.2"
1985-10-28 06:16:57, 2446366.47011,   18h56m40.8s, -51°35'54.6", 19.78, 99.97%, 27.540038, +68°28'31.8"
1985-11-07 06:16:57, 2446376.47011,   18h57m42.5s, -51°24'45.7", 19.79, 99.97%, 27.627084, +60°07'43.4"
1985-11-17 06:16:57, 2446386.47011,   18h59m03.7s, -51°14'16.9", 19.82, 99.98%, 27.699743, +52°03'10.8"
1985-11-27 06:16:57, 2446396.47011,   19h00m41.7s, -51°04'42.4", 19.87, 99.98%, 27.754398, +44°26'39.5"
1985-12-07 06:16:57, 2446406.47010,   19h02m33.7s, -50°56'13.6", 19.95, 99.99%, 27.788271, +37°36'49.1"
1985-12-17 06:16:56, 2446416.47010,   19h04m36.5s, -50°49'00.9", 20.10, 99.99%, 27.798971, +32°05'13.9"
1985-12-27 06:16:56, 2446426.47010,   19h06m46.7s, -50°43'13.0", 20.50, 99.99%, 27.784779, +28°39'32.3"
1986-01-06 06:16:56, 2446436.47010,   19h09m00.9s, -50°38'56.3", 22.33, 99.99%, 27.744951, +28°06'50.8"
1986-01-16 06:16:56, 2446446.47010,   19h11m15.4s, -50°36'16.2", 22.94, 99.99%, 27.679203, +30°36'41.9"
1986-01-26 06:16:56, 2446456.47010,   19h13m26.6s, -50°35'16.0", 20.55, 99.99%, 27.588192, +35°30'29.6"
1986-02-05 06:16:56, 2446466.47010,   19h15m31.1s, -50°35'56.7", 20.07, 99.98%, 27.473403, +41°57'41.5"
1986-02-15 06:16:56, 2446476.47010,   19h17m25.4s, -50°38'18.1", 19.88, 99.98%, 27.336748, +49°21'15.3"
1986-02-25 06:16:56, 2446486.47010,   19h19m06.3s, -50°42'17.0", 19.77, 99.98%, 27.181074, +57°18'00.7"
1986-03-07 06:16:56, 2446496.47010,   19h20m31.0s, -50°47'47.4", 19.70, 99.97%, 27.009682, +65°34'48.2"
1986-03-17 06:16:56, 2446506.47009,   19h21m36.8s, -50°54'42.0", 19.64, 99.97%, 26.826174, +74°03'38.8"
1986-03-27 06:16:56, 2446516.47009,   19h22m21.4s, -51°02'49.0", 19.60, 99.97%, 26.634812, +82°38'35.1"
1986-04-06 06:16:55, 2446526.47009,   19h22m43.2s, -51°11'55.0", 19.57, 99.96%, 26.439834, +91°15'52.7"
1986-04-16 06:16:55, 2446536.47009,   19h22m41.1s, -51°21'43.5", 19.54, 99.97%, 26.245608, +99°52'07.4"
1986-04-26 06:16:55, 2446546.47009,   19h22m14.4s, -51°31'55.1", 19.53, 99.97%, 26.056694, +108°23'04.8"
1986-05-06 06:16:55, 2446556.47009,   19h21m23.5s, -51°42'08.9", 19.52, 99.97%, 25.877183, +116°44'28.7"
1986-05-16 06:16:55, 2446566.47009,   19h20m09.1s, -51°52'02.7", 19.52, 99.98%, 25.711103, +124°49'47.9"
1986-05-26 06:16:55, 2446576.47009,   19h18m33.3s, -52°01'13.0", 19.54, 99.98%, 25.562131, +132°28'20.6"
1986-06-05 06:16:55, 2446586.47009,   19h16m38.5s, -52°09'18.3", 19.60, 99.98%, 25.433181, +139°23'48.5"
1986-06-15 06:16:55, 2446596.47008,   19h14m28.1s, -52°15'57.4", 19.74, 99.99%, 25.326890, +145°08'43.3"
1986-06-25 06:16:55, 2446606.47008,   19h12m06.1s, -52°20'52.6", 20.10, 99.99%, 25.245078, +149°01'50.7"
1986-07-05 06:16:55, 2446616.47008,   19h09m37.0s, -52°23'50.7", 21.95, 99.99%, 25.188730, +150°18'18.7"
1986-07-15 06:16:55, 2446626.47008,   19h07m05.8s, -52°24'41.9", 22.19, 99.99%, 25.158364, +148°38'26.4"
1986-07-25 06:16:54, 2446636.47008,   19h04m37.5s, -52°23'22.8", 20.10, 99.99%, 25.153443, +144°27'09.4"
1986-08-04 06:16:54, 2446646.47008,   19h02m17.0s, -52°19'54.9", 19.69, 99.98%, 25.172765, +138°30'11.4"
1986-08-14 06:16:54, 2446656.47008,   19h00m08.9s, -52°14'24.5", 19.53, 99.98%, 25.214558, +131°26'45.6"
1986-08-24 06:16:54, 2446666.47008,   18h58m17.4s, -52°07'03.2", 19.45, 99.97%, 25.276082, +123°42'58.2"
1986-09-03 06:16:54, 2446676.47008,   18h56m45.6s, -51°58'05.8", 19.40, 99.97%, 25.354272, +115°33'59.9"
1986-09-13 06:16:54, 2446686.47008,   18h55m36.4s, -51°47'49.4", 19.38, 99.97%, 25.445530, +107°09'36.1"
1986-09-23 06:16:54, 2446696.47007,   18h54m51.5s, -51°36'34.1", 19.36, 99.96%, 25.545669, +98°36'23.3"
1986-10-03 06:16:54, 2446706.47007,   18h54m31.7s, -51°24'39.3", 19.36, 99.96%, 25.650561, +89°58'17.5"
1986-10-13 06:16:54, 2446716.47007,   18h54m37.3s, -51°12'25.1", 19.36, 99.96%, 25.755725, +81°19'10.0"
1986-10-23 06:16:54, 2446726.47007,   18h55m07.5s, -51°00'10.9", 19.36, 99.97%, 25.856637, +72°42'48.9"
1986-11-02 06:16:54, 2446736.47007,   18h56m01.0s, -50°48'14.3", 19.38, 99.97%, 25.949151, +64°12'47.6"
1986-11-12 06:16:54, 2446746.47007,   18h57m16.0s, -50°36'52.1", 19.40, 99.97%, 26.029061, +55°54'55.1"
1986-11-22 06:16:53, 2446756.47007,   18h58m50.0s, -50°26'19.0", 19.43, 99.98%, 26.092676, +47°57'52.6"
1986-12-02 06:16:53, 2446766.47007,   19h00m40.1s, -50°16'47.6", 19.49, 99.98%, 26.136883, +40°35'16.2"
1986-12-12 06:16:53, 2446776.47007,   19h02m43.3s, -50°08'29.7", 19.60, 99.99%, 26.158847, +34°11'40.1"
1986-12-22 06:16:53, 2446786.47007,   19h04m55.9s, -50°01'34.5", 19.83, 99.99%, 26.156668, +29°27'19.7"
1987-01-01 06:16:53, 2446796.47006,   19h07m14.7s, -49°56'09.6", 20.57, 99.99%, 26.129078, +27°15'31.2"
1987-01-11 06:16:53, 2446806.47006,   19h09m35.7s, -49°52'21.9", 26.42, 99.99%, 26.075379, +28°12'54.6"
1987-01-21 06:16:53, 2446816.47006,   19h11m55.1s, -49°50'15.3", 20.77, 99.99%, 25.995961, +32°02'21.3"
1987-01-31 06:16:53, 2446826.47006,   19h14m09.6s, -49°49'52.4", 19.83, 99.99%, 25.891740, +37°52'05.8"
1987-02-10 06:16:53, 2446836.47006,   19h16m15.2s, -49°51'14.4", 19.54, 99.98%, 25.764358, +44°54'56.8"
1987-02-20 06:16:53, 2446846.47006,   19h18m08.6s, -49°54'19.1", 19.40, 99.98%, 25.616376, +52°40'39.1"
1987-03-02 06:16:53, 2446856.47006,   19h19m46.7s, -49°59'02.9", 19.31, 99.97%, 25.450647, +60°52'12.5"
1987-03-12 06:16:52, 2446866.47006,   19h21m06.4s, -50°05'19.4", 19.25, 99.97%, 25.270724, +69°18'59.2"
1987-03-22 06:16:52, 2446876.47006,   19h22m05.1s, -50°12'58.5", 19.20, 99.96%, 25.080644, +77°54'25.0"
1987-04-01 06:16:52, 2446886.47006,   19h22m41.0s, -50°21'48.4", 19.16, 99.96%, 24.884463, +86°34'31.6"
1987-04-11 06:16:52, 2446896.47005,   19h22m52.1s, -50°31'33.4", 19.13, 99.96%, 24.686716, +95°15'19.5"
1987-04-21 06:16:52, 2446906.47005,   19h22m37.8s, -50°41'54.7", 19.10, 99.96%, 24.491873, +103°53'20.5"
1987-05-01 06:16:52, 2446916.47005,   19h21m57.7s, -50°52'32.1", 19.09, 99.96%, 24.304176, +112°25'08.7"
1987-05-11 06:16:52, 2446926.47005,   19h20m52.3s, -51°03'02.1", 19.08, 99.97%, 24.127978, +120°45'01.4"
1987-05-21 06:16:52, 2446936.47005,   19h19m23.2s, -51°13'00.7", 19.09, 99.97%, 23.967038, +128°45'06.8"
1987-05-31 06:16:52, 2446946.47005,   19h17m32.4s, -51°22'04.1", 19.13, 99.98%, 23.824718, +136°13'05.6"
1987-06-10 06:16:52, 2446956.47005,   19h15m23.0s, -51°29'48.5", 19.21, 99.98%, 23.704035, +142°47'10.7"
1987-06-20 06:16:52, 2446966.47005,   19h12m59.2s, -51°35'53.7", 19.41, 99.99%, 23.607056, +147°52'43.0"
1987-06-30 06:16:52, 2446976.47005,   19h10m25.1s, -51°40'02.5", 20.10, 99.99%, 23.535367, +150°41'56.1"
1987-07-10 06:16:51, 2446986.47005,   19h07m46.1s, -51°42'01.9", 26.44, 99.99%, 23.489807, +150°34'19.7"
1987-07-20 06:16:51, 2446996.47004,   19h05m07.4s, -51°41'45.4", 20.21, 99.99%, 23.470190, +147°32'03.1"
1987-07-30 06:16:51, 2447006.47004,   19h02m34.3s, -51°39'11.3", 19.39, 99.98%, 23.475868, +142°17'02.1"
1987-08-09 06:16:51, 2447016.47004,   19h00m11.9s, -51°34'24.0", 19.15, 99.98%, 23.505250, +135°36'49.5"
1987-08-19 06:16:51, 2447026.47004,   18h58m04.9s, -51°27'33.5", 19.04, 99.97%, 23.555962, +128°04'53.8"
1987-08-29 06:16:51, 2447036.47004,   18h56m17.1s, -51°18'53.3", 18.98, 99.97%, 23.625277, +120°01'25.2"
1987-09-08 06:16:51, 2447046.47004,   18h54m52.0s, -51°08'41.2", 18.94, 99.96%, 23.709622, +111°39'07.7"
1987-09-18 06:16:51, 2447056.47004,   18h53m51.6s, -50°57'17.2", 18.92, 99.96%, 23.805102, +103°05'22.8"
1987-09-28 06:16:51, 2447066.47004,   18h53m17.4s, -50°45'01.5", 18.91, 99.96%, 23.907637, +94°25'01.6"
1987-10-08 06:16:51, 2447076.47004,   18h53m10.0s, -50°32'15.9", 18.91, 99.96%, 24.012645, +85°42'25.0"
1987-10-18 06:16:51, 2447086.47004,   18h53m28.9s, -50°19'20.7", 18.91, 99.96%, 24.115746, +77°00'33.4"
1987-10-28 06:16:50, 2447096.47003,   18h54m13.1s, -50°06'34.9", 18.92, 99.96%, 24.212563, +68°22'47.1"
1987-11-07 06:16:50, 2447106.47003,   18h55m21.0s, -49°54'17.0", 18.94, 99.97%, 24.298707, +59°54'02.2"
1987-11-17 06:16:50, 2447116.47003,   18h56m50.0s, -49°42'42.3", 18.97, 99.97%, 24.370423, +51°40'22.4"
1987-11-27 06:16:50, 2447126.47003,   18h58m37.7s, -49°32'05.0", 19.01, 99.98%, 24.424150, +43°52'04.7"
1987-12-07 06:16:50, 2447136.47003,   19h00m40.6s, -49°22'38.0", 19.08, 99.98%, 24.456831, +36°47'31.2"
1987-12-17 06:16:50, 2447146.47003,   19h02m55.3s, -49°14'31.1", 19.23, 99.99%, 24.466276, +30°57'46.5"
1987-12-27 06:16:50, 2447156.47003,   19h05m18.4s, -49°07'53.5", 19.61, 99.99%, 24.450666, +27°12'50.1"
1988-01-06 06:16:50, 2447166.47003,   19h07m45.7s, -49°02'52.5", 21.35, 99.99%, 24.409077, +26°27'26.6"
1988-01-16 06:16:50, 2447176.47003,   19h10m13.6s, -48°59'33.4", 22.09, 99.99%, 24.341440, +28°55'42.7"
1988-01-26 06:16:50, 2447186.47002,   19h12m38.2s, -48°58'00.3", 19.67, 99.99%, 24.248163, +33°55'43.3"
1988-02-05 06:16:50, 2447196.47002,   19h14m55.5s, -48°58'15.2", 19.19, 99.98%, 24.130698, +40°31'11.3"
1988-02-15 06:16:49, 2447206.47002,   19h17m02.1s, -49°00'17.8", 19.00, 99.98%, 23.991105, +48°02'36.8"
1988-02-25 06:16:49, 2447216.47002,   19h18m54.2s, -49°04'06.3", 18.89, 99.97%, 23.831926, +56°06'54.2"
1988-03-06 06:16:49, 2447226.47002,   19h20m28.6s, -49°09'35.5", 18.81, 99.96%, 23.656591, +64°30'23.0"
1988-03-16 06:16:49, 2447236.47002,   19h21m42.6s, -49°16'37.5", 18.75, 99.96%, 23.468752, +73°05'36.3"
1988-03-26 06:16:49, 2447246.47002,   19h22m33.4s, -49°25'02.0", 18.71, 99.95%, 23.272440, +81°47'30.6"
1988-04-05 06:16:49, 2447256.47002,   19h22m59.2s, -49°34'34.3", 18.67, 99.95%, 23.072170, +90°31'54.4"
1988-04-15 06:16:49, 2447266.47002,   19h22m58.6s, -49°44'57.4", 18.64, 99.95%, 22.872267, +99°16'01.8"
1988-04-25 06:16:49, 2447276.47002,   19h22m30.7s, -49°55'51.1", 18.62, 99.96%, 22.677245, +107°56'27.4"
1988-05-05 06:16:49, 2447286.47001,   19h21m35.7s, -50°06'51.6", 18.60, 99.96%, 22.491551, +116°28'32.1"
1988-05-15 06:16:49, 2447296.47001,   19h20m14.5s, -50°17'34.8", 18.60, 99.97%, 22.319103, +124°46'40.2"
1988-05-25 06:16:49, 2447306.47001,   19h18m28.8s, -50°27'34.4", 18.62, 99.97%, 22.163743, +132°41'07.5"
1988-06-04 06:16:49, 2447316.47001,   19h16m21.7s, -50°36'24.4", 18.67, 99.98%, 22.028688, +139°55'28.0"
1988-06-14 06:16:48, 2447326.47001,   19h13m56.6s, -50°43'41.8", 18.79, 99.98%, 21.916430, +146°02'35.7"
1988-06-24 06:16:48, 2447336.47001,   19h11m18.1s, -50°49'05.0", 19.12, 99.99%, 21.829085, +150°18'31.3"
1988-07-04 06:16:48, 2447346.47001,   19h08m31.5s, -50°52'17.8", 20.77, 99.99%, 21.767744, +151°50'49.3"
1988-07-14 06:16:48, 2447356.47001,   19h05m42.0s, -50°53'09.9", 21.35, 99.99%, 21.732783, +150°13'36.0"
1988-07-24 06:16:48, 2447366.47001,   19h02m55.7s, -50°51'35.7", 19.15, 99.98%, 21.723952, +145°53'43.6"
1988-08-03 06:16:48, 2447376.47001,   19h00m18.1s, -50°47'37.4", 18.74, 99.98%, 21.739902, +139°43'53.7"
1988-08-13 06:16:48, 2447386.47000,   18h57m54.4s, -50°41'22.7", 18.59, 99.97%, 21.778777, +132°27'02.5"
1988-08-23 06:16:48, 2447396.47000,   18h55m49.3s, -50°33'03.9", 18.51, 99.97%, 21.838010, +124°30'36.0"
1988-09-02 06:16:48, 2447406.47000,   18h54m06.5s, -50°22'59.1", 18.46, 99.96%, 21.914212, +116°10'44.0"
1988-09-12 06:16:48, 2447416.47000,   18h52m49.1s, -50°11'27.7", 18.43, 99.95%, 22.003815, +107°36'25.0"
1988-09-22 06:16:48, 2447426.47000,   18h51m58.9s, -49°58'51.7", 18.42, 99.95%, 22.102661, +98°54'01.5"
1988-10-02 06:16:47, 2447436.47000,   18h51m36.9s, -49°45'33.9", 18.41, 99.95%, 22.206279, +90°07'55.0"
1988-10-12 06:16:47, 2447446.47000,   18h51m43.1s, -49°31'55.7", 18.41, 99.95%, 22.310345, +81°20'53.3"
1988-10-22 06:16:47, 2447456.47000,   18h52m16.9s, -49°18'18.4", 18.42, 99.95%, 22.410226, +72°36'29.4"
1988-11-01 06:16:47, 2447466.47000,   18h53m16.4s, -49°05'01.3", 18.43, 99.96%, 22.501555, +63°58'25.4"
1988-11-11 06:16:47, 2447476.47000,   18h54m39.8s, -48°52'21.2", 18.45, 99.97%, 22.580349, +55°31'07.7"
1988-11-21 06:16:47, 2447486.46999,   18h56m24.1s, -48°40'34.0", 18.48, 99.97%, 22.642692, +47°22'38.9"
1988-12-01 06:16:47, 2447496.46999,   18h58m26.3s, -48°29'52.9", 18.54, 99.98%, 22.685427, +39°45'57.4"
1988-12-11 06:16:47, 2447506.46999,   19h00m42.9s, -48°20'29.1", 18.64, 99.98%, 22.705899, +33°03'56.3"
1988-12-21 06:16:47, 2447516.46999,   19h03m10.0s, -48°12'33.0", 18.86, 99.99%, 22.701916, +27°57'56.4"
1988-12-31 06:16:47, 2447526.46999,   19h05m43.8s, -48°06'12.3", 19.56, 99.99%, 22.672313, +25°27'17.5"
1989-01-10 06:16:47, 2447536.46999,   19h08m20.4s, -48°01'33.6", 25.28, 99.99%, 22.616440, +26°17'27.1"
1989-01-20 06:16:46, 2447546.46999,   19h10m55.5s, -47°58'42.4", 19.78, 99.99%, 22.534396, +30°11'47.3"
1989-01-30 06:16:46, 2447556.46999,   19h13m25.2s, -47°57'41.5", 18.85, 99.98%, 22.427289, +36°11'01.8"
1989-02-09 06:16:46, 2447566.46999,   19h15m45.5s, -47°58'32.7", 18.56, 99.98%, 22.296642, +43°23'49.8"
1989-02-19 06:16:46, 2447576.46999,   19h17m52.6s, -48°01'15.6", 18.42, 99.97%, 22.144828, +51°18'28.4"
1989-03-01 06:16:46, 2447586.46998,   19h19m42.9s, -48°05'46.5", 18.33, 99.96%, 21.974920, +59°37'36.2"
1989-03-11 06:16:46, 2447596.46998,   19h21m13.2s, -48°12'00.3", 18.26, 99.95%, 21.790240, +68°11'47.5"
1989-03-21 06:16:46, 2447606.46998,   19h22m20.4s, -48°19'47.9", 18.21, 99.95%, 21.594828, +76°54'33.8"
1989-03-31 06:16:46, 2447616.46998,   19h23m02.3s, -48°28'56.6", 18.16, 99.95%, 21.392946, +85°41'58.4"
1989-04-10 06:16:46, 2447626.46998,   19h23m16.8s, -48°39'11.1", 18.12, 99.94%, 21.188899, +94°31'14.8"
1989-04-20 06:16:46, 2447636.46998,   19h23m02.7s, -48°50'11.6", 18.09, 99.95%, 20.987390, +103°18'51.0"
1989-04-30 06:16:46, 2447646.46998,   19h22m19.5s, -49°01'35.2", 18.07, 99.95%, 20.792808, +112°01'28.5"
1989-05-10 06:16:46, 2447656.46998,   19h21m07.7s, -49°12'57.2", 18.06, 99.96%, 20.609391, +120°34'45.4"
1989-05-20 06:16:45, 2447666.46998,   19h19m28.6s, -49°23'49.3", 18.06, 99.97%, 20.441292, +128°50'57.7"
1989-05-30 06:16:45, 2447676.46998,   19h17m24.7s, -49°33'44.2", 18.09, 99.97%, 20.291913, +136°38'22.3"
1989-06-09 06:16:45, 2447686.46997,   19h14m59.3s, -49°42'14.8", 18.16, 99.98%, 20.164311, +143°36'25.8"
1989-06-19 06:16:45, 2447696.46997,   19h12m16.8s, -49°48'55.8", 18.34, 99.98%, 20.060941, +149°08'46.0"
1989-06-29 06:16:45, 2447706.46997,   19h09m22.4s, -49°53'27.3", 18.96, 99.99%, 19.983273, +152°21'43.5"
1989-07-09 06:16:45, 2447716.46997,   19h06m21.9s, -49°55'33.6", 24.70, 99.99%, 19.932299, +152°24'45.5"
1989-07-19 06:16:45, 2447726.46997,   19h03m21.5s, -49°55'05.8", 19.15, 99.98%, 19.908031, +149°16'47.0"
1989-07-29 06:16:45, 2447736.46997,   19h00m27.4s, -49°52'02.8", 18.33, 99.98%, 19.909568, +143°47'12.3"
1989-08-08 06:16:45, 2447746.46997,   18h57m45.4s, -49°46'28.9", 18.09, 99.97%, 19.935505, +136°50'05.8"
1989-08-18 06:16:45, 2447756.46997,   18h55m21.0s, -49°38'35.9", 17.98, 99.96%, 19.983400, +129°02'28.0"
1989-08-28 06:16:45, 2447766.46997,   18h53m18.7s, -49°28'40.7", 17.92, 99.96%, 20.050256, +120°45'11.4"
1989-09-07 06:16:44, 2447776.46996,   18h51m42.1s, -49°17'02.9", 17.88, 99.95%, 20.132666, +112°10'20.0"
1989-09-17 06:16:44, 2447786.46996,   18h50m34.0s, -49°04'06.2", 17.86, 99.94%, 20.226469, +103°25'43.7"
1989-09-27 06:16:44, 2447796.46996,   18h49m55.5s, -48°50'14.1", 17.85, 99.94%, 20.327444, +94°35'43.5"
1989-10-07 06:16:44, 2447806.46996,   18h49m47.3s, -48°35'50.0", 17.85, 99.94%, 20.431136, +85°43'46.2"
1989-10-17 06:16:44, 2447816.46996,   18h50m09.0s, -48°21'17.2", 17.85, 99.94%, 20.532830, +76°53'16.6"
1989-10-27 06:16:44, 2447826.46996,   18h50m59.1s, -48°06'56.1", 17.86, 99.95%, 20.628205, +68°06'48.7"
1989-11-06 06:16:44, 2447836.46996,   18h52m15.7s, -47°53'05.5", 17.87, 99.96%, 20.712923, +59°28'13.3"
1989-11-16 06:16:44, 2447846.46996,   18h53m56.0s, -47°40'02.6", 17.90, 99.96%, 20.782936, +51°03'30.0"
1989-11-26 06:16:44, 2447856.46996,   18h55m57.0s, -47°28'01.1", 17.94, 99.97%, 20.834891, +43°01'24.0"
1989-12-06 06:16:44, 2447866.46996,   18h58m15.2s, -47°17'13.8", 18.01, 99.98%, 20.865654, +35°38'32.9"
1989-12-16 06:16:44, 2447876.46995,   19h00m46.5s, -47°07'51.7", 18.15, 99.99%, 20.872848, +29°25'55.8"
1989-12-26 06:16:44, 2447886.46995,   19h03m27.1s, -47°00'03.2", 18.50, 99.99%, 20.854895, +25°16'23.4"
1990-01-05 06:16:43, 2447896.46995,   19h06m12.8s, -46°53'56.3", 20.18, 99.99%, 20.810643, +24°15'20.3"
1990-01-15 06:16:43, 2447906.46995,   19h08m59.1s, -46°49'37.1", 20.95, 99.99%, 20.739975, +26°44'23.4"
1990-01-25 06:16:43, 2447916.46995,   19h11m42.1s, -46°47'09.7", 18.55, 99.98%, 20.643458, +31°55'03.6"
1990-02-04 06:16:43, 2447926.46995,   19h14m17.3s, -46°46'37.9", 18.09, 99.98%, 20.522223, +38°43'12.4"
1990-02-14 06:16:43, 2447936.46995,   19h16m40.6s, -46°48'02.3", 17.89, 99.97%, 20.378424, +46°25'38.7"
1990-02-24 06:16:43, 2447946.46995,   19h18m48.2s, -46°51'21.6", 17.78, 99.96%, 20.214627, +54°39'22.8"
1990-03-06 06:16:43, 2447956.46995,   19h20m36.4s, -46°56'33.0", 17.70, 99.95%, 20.033973, +63°11'38.3"
1990-03-16 06:16:43, 2447966.46995,   19h22m01.7s, -47°03'29.1", 17.64, 99.94%, 19.840341, +71°54'48.3"
1990-03-26 06:16:43, 2447976.46994,   19h23m01.4s, -47°11'59.8", 17.59, 99.94%, 19.637678, +80°44'51.4"
1990-04-05 06:16:43, 2447986.46994,   19h23m32.9s, -47°21'51.9", 17.54, 99.93%, 19.430385, +89°38'23.4"
1990-04-15 06:16:43, 2447996.46994,   19h23m34.4s, -47°32'46.4", 17.50, 99.93%, 19.223109, +98°32'19.4"
1990-04-25 06:16:42, 2448006.46994,   19h23m05.0s, -47°44'22.3", 17.47, 99.94%, 19.020242, +107°24'17.3"
1990-05-05 06:16:42, 2448016.46994,   19h22m04.2s, -47°56'14.1", 17.45, 99.94%, 18.826374, +116°10'22.9"
1990-05-15 06:16:42, 2448026.46994,   19h20m33.2s, -48°07'52.8", 17.44, 99.95%, 18.645756, +124°44'58.4"
1990-05-25 06:16:42, 2448036.46994,   19h18m33.7s, -48°18'49.4", 17.45, 99.96%, 18.482129, +132°59'50.7"
1990-06-04 06:16:42, 2448046.46994,   19h16m08.7s, -48°28'32.7", 17.48, 99.97%, 18.339059, +140°39'33.1"
1990-06-14 06:16:42, 2448056.46994,   19h13m22.5s, -48°36'34.0", 17.58, 99.98%, 18.219241, +147°16'35.6"
1990-06-24 06:16:42, 2448066.46994,   19h10m20.2s, -48°42'28.4", 17.88, 99.98%, 18.124721, +152°03'56.3"
1990-07-04 06:16:42, 2448076.46993,   19h07m07.8s, -48°45'54.7", 19.35, 99.99%, 18.056969, +153°57'47.3"
1990-07-14 06:16:42, 2448086.46993,   19h03m52.0s, -48°46'39.9", 20.21, 99.98%, 18.016309, +152°21'26.6"
1990-07-24 06:16:42, 2448096.46993,   19h00m39.4s, -48°44'38.0", 17.93, 99.98%, 18.002441, +147°46'00.6"
1990-08-03 06:16:42, 2448106.46993,   18h57m37.0s, -48°39'50.1", 17.53, 99.97%, 18.014243, +141°15'05.1"
1990-08-13 06:16:41, 2448116.46993,   18h54m50.8s, -48°32'26.4", 17.38, 99.96%, 18.049557, +133°38'08.3"
1990-08-23 06:16:41, 2448126.46993,   18h52m26.2s, -48°22'42.2", 17.30, 99.95%, 18.105815, +125°23'35.2"
1990-09-02 06:16:41, 2448136.46993,   18h50m27.9s, -48°10'57.9", 17.25, 99.94%, 18.179641, +116°47'52.3"
1990-09-12 06:16:41, 2448146.46993,   18h48m59.0s, -47°57'38.2", 17.22, 99.93%, 18.267076, +108°00'10.8"
1990-09-22 06:16:41, 2448156.46993,   18h48m01.7s, -47°43'07.8", 17.21, 99.93%, 18.364061, +99°05'39.6"
1990-10-02 06:16:41, 2448166.46993,   18h47m37.0s, -47°27'52.8", 17.20, 99.93%, 18.465977, +90°08'35.3"
1990-10-12 06:16:41, 2448176.46992,   18h47m44.7s, -47°12'18.3", 17.20, 99.93%, 18.568216, +81°11'47.7"
1990-10-22 06:16:41, 2448186.46992,   18h48m23.9s, -46°56'46.2", 17.21, 99.93%, 18.666336, +72°17'30.1"
1990-11-01 06:16:41, 2448196.46992,   18h49m32.7s, -46°41'37.7", 17.22, 99.94%, 18.755736, +63°29'11.3"
1990-11-11 06:16:41, 2448206.46992,   18h51m08.3s, -46°27'10.8", 17.23, 99.95%, 18.832357, +54°50'48.4"
1990-11-21 06:16:41, 2448216.46992,   18h53m07.8s, -46°13'40.5", 17.26, 99.96%, 18.892476, +46°28'27.2"
1990-12-01 06:16:41, 2448226.46992,   18h55m27.5s, -46°01'21.0", 17.31, 99.97%, 18.932660, +38°33'56.0"
1990-12-11 06:16:40, 2448236.46992,   18h58m03.4s, -45°50'23.2", 17.41, 99.98%, 18.950365, +31°28'35.4"
1990-12-21 06:16:40, 2448246.46992,   19h00m51.4s, -45°40'56.6", 17.61, 99.99%, 18.943473, +25°53'33.7"
1990-12-31 06:16:40, 2448256.46992,   19h03m47.1s, -45°33'10.2", 18.29, 99.99%, 18.910545, +22°57'06.1"
1991-01-10 06:16:40, 2448266.46992,   19h06m45.9s, -45°27'10.2", 24.09, 99.99%, 18.851134, +23°39'29.3"
1991-01-20 06:16:40, 2448276.46991,   19h09m43.4s, -45°23'02.6", 18.47, 99.98%, 18.765231, +27°44'14.1"
1991-01-30 06:16:40, 2448286.46991,   19h12m35.1s, -45°20'52.2", 17.58, 99.98%, 18.653731, +33°59'28.5"
1991-02-09 06:16:40, 2448296.46991,   19h15m16.5s, -45°20'41.1", 17.30, 99.97%, 18.518364, +41°26'41.3"
1991-02-19 06:16:40, 2448306.46991,   19h17m43.4s, -45°22'30.9", 17.15, 99.96%, 18.361242, +49°33'40.8"
1991-03-01 06:16:40, 2448316.46991,   19h19m51.6s, -45°26'20.4", 17.05, 99.94%, 18.185375, +58°03'12.7"
1991-03-11 06:16:40, 2448326.46991,   19h21m37.4s, -45°32'04.9", 16.98, 99.93%, 17.994243, +66°46'31.0"
1991-03-21 06:16:40, 2448336.46991,   19h22m57.2s, -45°39'37.7", 16.92, 99.92%, 17.791598, +75°38'39.4"
1991-03-31 06:16:39, 2448346.46991,   19h23m48.1s, -45°48'46.9", 16.87, 99.92%, 17.581859, +84°35'43.2"
1991-04-10 06:16:39, 2448356.46991,   19h24m07.7s, -45°59'16.9", 16.82, 99.92%, 17.369440, +93°35'24.3"
1991-04-20 06:16:39, 2448366.46990,   19h23m54.1s, -46°10'48.2", 16.78, 99.92%, 17.158880, +102°35'31.4"
1991-04-30 06:16:39, 2448376.46990,   19h23m06.6s, -46°22'55.2", 16.75, 99.93%, 16.954946, +111°32'42.0"
1991-05-10 06:16:39, 2448386.46990,   19h21m45.4s, -46°35'09.7", 16.72, 99.94%, 16.761942, +120°23'18.7"
1991-05-20 06:16:39, 2448396.46990,   19h19m51.6s, -46°47'00.4", 16.71, 99.95%, 16.584077, +129°01'18.2"
1991-05-30 06:16:39, 2448406.46990,   19h17m27.9s, -46°57'52.8", 16.73, 99.96%, 16.425221, +137°15'28.8"
1991-06-09 06:16:39, 2448416.46990,   19h14m38.2s, -47°07'14.6", 16.78, 99.97%, 16.288423, +144°46'33.2"
1991-06-19 06:16:39, 2448426.46990,   19h11m27.4s, -47°14'34.6", 16.93, 99.98%, 16.176367, +150°57'36.6"
1991-06-29 06:16:39, 2448436.46990,   19h08m01.8s, -47°19'26.0", 17.48, 99.98%, 16.090855, +154°45'35.2"
1991-07-09 06:16:39, 2448446.46990,   19h04m28.4s, -47°21'30.3", 22.77, 99.98%, 16.032733, +155°02'15.9"
1991-07-19 06:16:38, 2448456.46990,   19h00m54.7s, -47°20'34.9", 17.72, 99.98%, 16.002271, +151°40'49.7"
1991-07-29 06:16:38, 2448466.46989,   18h57m28.4s, -47°16'37.8", 16.91, 99.97%, 15.998575, +145°45'09.5"
1991-08-08 06:16:38, 2448476.46989,   18h54m16.6s, -47°09'45.9", 16.68, 99.96%, 16.019984, +138°21'07.2"
1991-08-18 06:16:38, 2448486.46989,   18h51m25.9s, -47°00'12.5", 16.57, 99.95%, 16.064223, +130°09'09.1"
1991-08-28 06:16:38, 2448496.46989,   18h49m01.8s, -46°48'19.1", 16.51, 99.93%, 16.128002, +121°31'19.1"
1991-09-07 06:16:38, 2448506.46989,   18h47m08.4s, -46°34'31.1", 16.48, 99.92%, 16.207695, +112°38'52.5"
1991-09-17 06:16:38, 2448516.46989,   18h45m48.9s, -46°19'15.2", 16.46, 99.91%, 16.299214, +103°38'42.0"
1991-09-27 06:16:38, 2448526.46989,   18h45m04.8s, -46°03'00.7", 16.45, 99.91%, 16.397928, +94°35'25.0"
1991-10-07 06:16:38, 2448536.46989,   18h44m56.2s, -45°46'14.1", 16.44, 99.91%, 16.499359, +85°31'27.4"
1991-10-17 06:16:38, 2448546.46989,   18h45m22.7s, -45°29'20.3", 16.44, 99.91%, 16.598796, +76°29'23.0"
1991-10-27 06:16:38, 2448556.46989,   18h46m22.4s, -45°12'42.8", 16.45, 99.92%, 16.691581, +67°31'53.3"
1991-11-06 06:16:38, 2448566.46988,   18h47m52.7s, -44°56'40.2", 16.46, 99.93%, 16.773560, +58°41'23.6"
1991-11-16 06:16:37, 2448576.46988,   18h49m50.5s, -44°41'29.4", 16.48, 99.95%, 16.840611, +50°02'30.4"
1991-11-26 06:16:37, 2448586.46988,   18h52m12.1s, -44°27'25.1", 16.52, 99.96%, 16.889198, +41°42'58.7"
1991-12-06 06:16:37, 2448596.46988,   18h54m53.4s, -44°14'38.1", 16.58, 99.97%, 16.916453, +33°56'32.3"
1991-12-16 06:16:37, 2448606.46988,   18h57m50.0s, -44°03'19.3", 16.71, 99.98%, 16.919817, +27°12'11.3"
1991-12-26 06:16:37, 2448616.46988,   19h00m57.2s, -43°53'37.3", 17.05, 99.99%, 16.897672, +22°26'59.6"
1992-01-05 06:16:37, 2448626.46988,   19h04m10.5s, -43°45'39.0", 18.72, 99.99%, 16.849063, +21°03'55.9"
1992-01-15 06:16:37, 2448636.46988,   19h07m24.9s, -43°39'31.9", 19.31, 99.98%, 16.773577, +23°39'03.1"
1992-01-25 06:16:37, 2448646.46988,   19h10m35.5s, -43°35'20.9", 17.05, 99.98%, 16.671855, +29°09'54.2"
1992-02-04 06:16:37, 2448656.46988,   19h13m37.8s, -43°33'10.4", 16.61, 99.97%, 16.545051, +36°18'07.6"
1992-02-14 06:16:37, 2448666.46987,   19h16m27.0s, -43°33'04.5", 16.41, 99.95%, 16.394993, +44°17'03.0"
1992-02-24 06:16:37, 2448676.46987,   19h18m58.3s, -43°35'03.4", 16.29, 99.94%, 16.224412, +52°43'35.9"
1992-03-05 06:16:36, 2448686.46987,   19h21m07.8s, -43°39'06.6", 16.21, 99.92%, 16.036310, +61°26'54.6"
1992-03-15 06:16:36, 2448696.46987,   19h22m51.1s, -43°45'10.2", 16.13, 99.91%, 15.834356, +70°20'36.0"
1992-03-25 06:16:36, 2448706.46987,   19h24m04.8s, -43°53'05.4", 16.07, 99.90%, 15.622747, +79°20'51.4"
1992-04-04 06:16:36, 2448716.46987,   19h24m45.6s, -44°02'40.7", 16.01, 99.89%, 15.405692, +88°25'46.2"
1992-04-14 06:16:36, 2448726.46987,   19h24m51.1s, -44°13'38.6", 15.96, 99.90%, 15.187894, +97°32'58.9"
1992-04-24 06:16:36, 2448736.46987,   19h24m19.6s, -44°25'35.5", 15.92, 99.90%, 14.974064, +106°40'11.3"
1992-05-04 06:16:36, 2448746.46987,   19h23m10.4s, -44°38'04.6", 15.88, 99.91%, 14.768684, +115°45'05.7"
1992-05-14 06:16:36, 2448756.46987,   19h21m24.0s, -44°50'32.5", 15.86, 99.93%, 14.576369, +124°43'01.9"
1992-05-24 06:16:36, 2448766.46986,   19h19m02.5s, -45°02'22.9", 15.85, 99.94%, 14.401165, +133°26'39.7"
1992-06-03 06:16:36, 2448776.46986,   19h16m09.0s, -45°12'58.9", 15.86, 99.96%, 14.246663, +141°43'07.1"
1992-06-13 06:16:36, 2448786.46986,   19h12m48.5s, -45°21'42.5", 15.94, 99.97%, 14.116075, +149°05'53.3"
1992-06-23 06:16:36, 2448796.46986,   19h09m07.3s, -45°28'00.7", 16.19, 99.98%, 14.011568, +154°43'21.7"
1992-07-03 06:16:35, 2448806.46986,   19h05m12.7s, -45°31'26.9", 17.49, 99.98%, 13.934685, +157°12'13.9"
1992-07-13 06:16:35, 2448816.46986,   19h01m13.3s, -45°31'41.3", 18.50, 99.98%, 13.886121, +155°32'16.0"
1992-07-23 06:16:35, 2448826.46986,   18h57m17.8s, -45°28'36.8", 16.24, 99.97%, 13.865380, +150°25'10.0"
1992-08-02 06:16:35, 2448836.46986,   18h53m34.4s, -45°22'15.2", 15.85, 99.96%, 13.871360, +143°16'36.3"
1992-08-12 06:16:35, 2448846.46986,   18h50m11.5s, -45°12'48.5", 15.70, 99.94%, 13.901937, +135°05'46.6"
1992-08-22 06:16:35, 2448856.46986,   18h47m15.6s, -45°00'38.5", 15.63, 99.92%, 13.954112, +126°22'52.8"
1992-09-01 06:16:35, 2448866.46985,   18h44m52.2s, -44°46'10.8", 15.58, 99.90%, 14.024513, +117°22'55.8"
1992-09-11 06:16:35, 2448876.46985,   18h43m05.4s, -44°29'56.2", 15.55, 99.89%, 14.108948, +108°14'47.1"
1992-09-21 06:16:35, 2448886.46985,   18h41m57.4s, -44°12'26.6", 15.54, 99.88%, 14.202955, +99°03'04.0"
1992-10-01 06:16:35, 2448896.46985,   18h41m29.3s, -43°54'11.4", 15.53, 99.88%, 14.302005, +89°50'32.7"
1992-10-11 06:16:35, 2448906.46985,   18h41m40.6s, -43°35'39.5", 15.53, 99.88%, 14.401171, +80°39'59.2"
1992-10-21 06:16:34, 2448916.46985,   18h42m29.6s, -43°17'15.6", 15.53, 99.89%, 14.495857, +71°33'00.6"
1992-10-31 06:16:34, 2448926.46985,   18h43m54.0s, -42°59'20.0", 15.53, 99.90%, 14.581627, +62°31'24.7"
1992-11-10 06:16:34, 2448936.46985,   18h45m50.4s, -42°42'11.4", 15.55, 99.92%, 14.654137, +53°38'31.4"
1992-11-20 06:16:34, 2448946.46985,   18h48m14.9s, -42°26'03.7", 15.57, 99.94%, 14.709773, +44°58'41.3"
1992-11-30 06:16:34, 2448956.46984,   18h51m03.3s, -42°11'08.5", 15.61, 99.96%, 14.745226, +36°40'22.9"
1992-12-10 06:16:34, 2448966.46984,   18h54m10.8s, -41°57'36.5", 15.70, 99.97%, 14.757719, +29°01'59.6"
1992-12-20 06:16:34, 2448976.46984,   18h57m32.5s, -41°45'35.3", 15.89, 99.98%, 14.745381, +22°42'59.7"
1992-12-30 06:16:34, 2448986.46984,   19h01m03.6s, -41°35'12.6", 16.55, 99.99%, 14.706724, +19°04'21.7"
1993-01-09 06:16:34, 2448996.46984,   19h04m38.7s, -41°26'35.7", 22.90, 99.99%, 14.641114, +19°38'37.1"
1993-01-19 06:16:34, 2449006.46984,   19h08m12.6s, -41°19'50.0", 16.61, 99.98%, 14.548772, +24°07'43.3"
1993-01-29 06:16:34, 2449016.46984,   19h11m40.3s, -41°15'02.2", 15.79, 99.97%, 14.430336, +30°52'18.9"
1993-02-08 06:16:33, 2449026.46984,   19h14m56.3s, -41°12'17.4", 15.51, 99.95%, 14.287419, +38°42'40.3"
1993-02-18 06:16:33, 2449036.46984,   19h17m56.0s, -41°11'39.0", 15.36, 99.93%, 14.122252, +47°06'46.7"
1993-02-28 06:16:33, 2449046.46984,   19h20m34.2s, -41°13'10.5", 15.26, 99.91%, 13.937476, +55°50'08.6"
1993-03-10 06:16:33, 2449056.46983,   19h22m46.3s, -41°16'51.1", 15.17, 99.89%, 13.736600, +64°45'10.9"
1993-03-20 06:16:33, 2449066.46983,   19h24m27.9s, -41°22'37.3", 15.09, 99.87%, 13.523396, +73°48'29.7"
1993-03-30 06:16:33, 2449076.46983,   19h25m35.0s, -41°30'22.4", 15.02, 99.86%, 13.301996, +82°57'57.2"
1993-04-09 06:16:33, 2449086.46983,   19h26m04.1s, -41°39'52.3", 14.96, 99.86%, 13.077080, +92°11'29.3"
1993-04-19 06:16:33, 2449096.46983,   19h25m52.7s, -41°50'48.6", 14.90, 99.86%, 12.853200, +101°28'03.5"
1993-04-29 06:16:33, 2449106.46983,   19h24m58.9s, -42°02'46.2", 14.85, 99.87%, 12.635127, +110°45'55.8"
1993-05-09 06:16:33, 2449116.46983,   19h23m22.2s, -42°15'11.9", 14.80, 99.89%, 12.427668, +120°01'55.7"
1993-05-19 06:16:33, 2449126.46983,   19h21m03.7s, -42°27'29.0", 14.77, 99.91%, 12.235111, +129°11'58.3"
1993-05-29 06:16:33, 2449136.46983,   19h18m05.7s, -42°38'55.3", 14.76, 99.93%, 12.061669, +138°07'44.6"
1993-06-08 06:16:32, 2449146.46983,   19h14m32.9s, -42°48'46.2", 14.79, 99.95%, 11.910940, +146°32'12.7"
1993-06-18 06:16:32, 2449156.46982,   19h10m31.6s, -42°56'21.0", 14.90, 99.97%, 11.785677, +153°49'53.9"
1993-06-28 06:16:32, 2449166.46982,   19h06m09.5s, -43°01'01.7", 15.37, 99.98%, 11.688138, +158°44'05.4"
1993-07-08 06:16:32, 2449176.46982,   19h01m36.3s, -43°02'20.1", 20.37, 99.98%, 11.619410, +159°23'37.9"
1993-07-18 06:16:32, 2449186.46982,   18h57m02.0s, -43°00'00.7", 15.58, 99.97%, 11.579641, +155°26'46.1"
1993-07-28 06:16:32, 2449196.46982,   18h52m36.9s, -42°53'58.3", 14.83, 99.95%, 11.568190, +148°35'35.6"
1993-08-07 06:16:32, 2449206.46982,   18h48m31.0s, -42°44'23.3", 14.61, 99.93%, 11.583131, +140°20'48.1"
1993-08-17 06:16:32, 2449216.46982,   18h44m52.9s, -42°31'36.2", 14.51, 99.90%, 11.621888, +131°26'37.6"
1993-08-27 06:16:32, 2449226.46982,   18h41m50.0s, -42°16'04.9", 14.45, 99.88%, 11.681140, +122°13'51.7"
1993-09-06 06:16:32, 2449236.46982,   18h39m27.6s, -41°58'25.0", 14.41, 99.85%, 11.756702, +112°52'58.1"
1993-09-16 06:16:32, 2449246.46982,   18h37m49.0s, -41°39'11.6", 14.39, 99.84%, 11.844266, +103°28'54.3"
1993-09-26 06:16:31, 2449256.46981,   18h36m56.0s, -41°18'59.2", 14.38, 99.83%, 11.939063, +94°05'11.8"
1993-10-06 06:16:31, 2449266.46981,   18h36m48.5s, -40°58'20.8", 14.37, 99.83%, 12.036133, +84°44'05.4"
1993-10-16 06:16:31, 2449276.46981,   18h37m25.0s, -40°37'42.5", 14.37, 99.84%, 12.130828, +75°26'31.3"
1993-10-26 06:16:31, 2449286.46981,   18h38m43.1s, -40°17'27.3", 14.37, 99.85%, 12.218374, +66°14'08.1"
1993-11-05 06:16:31, 2449296.46981,   18h40m39.1s, -39°57'53.8", 14.37, 99.88%, 12.294403, +57°08'37.8"
1993-11-15 06:16:31, 2449306.46981,   18h43m08.9s, -39°39'14.8", 14.38, 99.90%, 12.355086, +48°11'57.2"
1993-11-25 06:16:31, 2449316.46981,   18h46m08.0s, -39°21'41.7", 14.41, 99.93%, 12.396760, +39°28'59.1"
1993-12-05 06:16:31, 2449326.46981,   18h49m30.9s, -39°05'22.8", 14.46, 99.95%, 12.416582, +31°09'21.0"
1993-12-15 06:16:31, 2449336.46981,   18h53m12.8s, -38°50'24.0", 14.57, 99.97%, 12.412287, +23°35'12.1"
1993-12-25 06:16:31, 2449346.46981,   18h57m07.9s, -38°36'52.5", 14.90, 99.98%, 12.382044, +17°44'43.2"
1994-01-04 06:16:31, 2449356.46980,   19h01m10.5s, -38°24'53.4", 16.66, 99.99%, 12.325030, +15°39'54.0"
1994-01-14 06:16:30, 2449366.46980,   19h05m15.4s, -38°14'32.6", 16.72, 99.98%, 12.240921, +18°38'15.6"
1994-01-24 06:16:30, 2449376.46980,   19h09m16.5s, -38°05'57.5", 14.78, 99.97%, 12.130042, +24°54'58.2"
1994-02-03 06:16:30, 2449386.46980,   19h13m08.1s, -37°59'13.9", 14.37, 99.94%, 11.993678, +32°39'04.6"
1994-02-13 06:16:30, 2449396.46980,   19h16m44.9s, -37°54'28.7", 14.17, 99.91%, 11.833474, +41°02'46.7"
1994-02-23 06:16:30, 2449406.46980,   19h20m00.9s, -37°51'49.1", 14.04, 99.88%, 11.651831, +49°46'54.6"
1994-03-05 06:16:30, 2449416.46980,   19h22m50.9s, -37°51'18.7", 13.93, 99.85%, 11.451867, +58°43'27.5"
1994-03-15 06:16:30, 2449426.46980,   19h25m09.5s, -37°53'01.3", 13.83, 99.82%, 11.236903, +67°49'16.0"
1994-03-25 06:16:30, 2449436.46980,   19h26m51.5s, -37°56'56.0", 13.74, 99.80%, 11.010988, +77°02'07.8"
1994-04-04 06:16:30, 2449446.46980,   19h27m52.5s, -38°02'56.3", 13.66, 99.78%, 10.778503, +86°21'03.2"
1994-04-14 06:16:30, 2449456.46979,   19h28m08.3s, -38°10'51.6", 13.58, 99.78%, 10.543897, +95°45'52.0"
1994-04-24 06:16:30, 2449466.46979,   19h27m35.5s, -38°20'21.8", 13.50, 99.79%, 10.312127, +105°15'22.5"
1994-05-04 06:16:30, 2449476.46979,   19h26m12.4s, -38°30'58.5", 13.44, 99.81%, 10.088002, +114°48'22.0"
1994-05-14 06:16:29, 2449486.46979,   19h23m58.1s, -38°42'06.8", 13.38, 99.84%, 9.876218, +124°23'05.5"
1994-05-24 06:16:29, 2449496.46979,   19h20m54.0s, -38°53'00.7", 13.33, 99.88%, 9.681503, +133°54'47.4"
1994-06-03 06:16:29, 2449506.46979,   19h17m03.7s, -39°02'50.6", 13.31, 99.91%, 9.507864, +143°14'46.7"
1994-06-13 06:16:29, 2449516.46979,   19h12m33.1s, -39°10'45.0", 13.35, 99.95%, 9.358892, +152°03'34.6"
1994-06-23 06:16:29, 2449526.46979,   19h07m30.8s, -39°15'52.5", 13.53, 99.97%, 9.237502, +159°29'28.2"
1994-07-03 06:16:29, 2449536.46979,   19h02m07.4s, -39°17'32.4", 14.64, 99.98%, 9.145392, +163°24'14.6"
1994-07-13 06:16:29, 2449546.46978,   18h56m35.2s, -39°15'15.1", 15.54, 99.97%, 9.083526, +161°20'43.8"
1994-07-23 06:16:29, 2449556.46978,   18h51m07.6s, -39°08'46.7", 13.49, 99.95%, 9.051644, +154°43'45.0"
1994-08-02 06:16:29, 2449566.46978,   18h45m57.4s, -38°58'13.1", 13.15, 99.92%, 9.048235, +146°09'33.8"
1994-08-12 06:16:29, 2449576.46978,   18h41m16.4s, -38°43'53.1", 13.01, 99.88%, 9.071078, +136°49'49.2"
1994-08-22 06:16:29, 2449586.46978,   18h37m15.1s, -38°26'19.8", 12.93, 99.83%, 9.116761, +127°12'33.9"
1994-09-01 06:16:28, 2449596.46978,   18h34m00.6s, -38°06'14.4", 12.88, 99.79%, 9.181223, +117°29'17.8"
1994-09-11 06:16:28, 2449606.46978,   18h31m38.2s, -37°44'18.4", 12.85, 99.75%, 9.260057, +107°45'40.0"
1994-09-21 06:16:28, 2449616.46978,   18h30m10.6s, -37°21'14.1", 12.82, 99.73%, 9.348198, +98°05'21.5"
1994-10-01 06:16:28, 2449626.46978,   18h29m38.1s, -36°57'37.8", 12.81, 99.72%, 9.440700, +88°29'39.6"
1994-10-11 06:16:28, 2449636.46978,   18h29m59.3s, -36°33'58.4", 12.80, 99.73%, 9.532635, +78°59'24.0"
1994-10-21 06:16:28, 2449646.46977,   18h31m11.4s, -36°10'39.8", 12.79, 99.75%, 9.619011, +69°35'38.1"
1994-10-31 06:16:28, 2449656.46977,   18h33m10.2s, -35°47'57.5", 12.78, 99.78%, 9.695468, +60°18'22.1"
1994-11-10 06:16:28, 2449666.46977,   18h35m51.2s, -35°26'01.4", 12.78, 99.82%, 9.757848, +51°08'09.2"
1994-11-20 06:16:28, 2449676.46977,   18h39m08.8s, -35°04'58.8", 12.79, 99.87%, 9.802398, +42°06'48.7"
1994-11-30 06:16:28, 2449686.46977,   18h42m57.3s, -34°44'51.6", 12.81, 99.91%, 9.826189, +33°17'08.6"
1994-12-10 06:16:28, 2449696.46977,   18h47m11.0s, -34°25'41.7", 12.88, 99.95%, 9.826580, +24°47'27.8"
1994-12-20 06:16:28, 2449706.46977,   18h51m43.4s, -34°07'30.8", 13.05, 99.97%, 9.801667, +17°03'38.5"
1994-12-30 06:16:27, 2449716.46977,   18h56m28.5s, -33°50'19.1", 13.73, 99.99%, 9.750341, +11°37'02.1"
1995-01-09 06:16:27, 2449726.46977,   19h01m20.2s, -33°34'10.3", 19.87, 99.99%, 9.671838, +12°02'35.6"
1995-01-19 06:16:27, 2449736.46977,   19h06m11.6s, -33°19'08.7", 13.47, 99.97%, 9.566318, +17°54'23.4"
1995-01-29 06:16:27, 2449746.46976,   19h10m56.9s, -33°05'19.3", 12.77, 99.94%, 9.434564, +25°43'50.7"
1995-02-08 06:16:27, 2449756.46976,   19h15m29.4s, -32°52'51.2", 12.50, 99.89%, 9.277756, +34°12'49.4"
1995-02-18 06:16:27, 2449766.46976,   19h19m42.5s, -32°41'53.1", 12.33, 99.84%, 9.098008, +42°59'10.6"
1995-02-28 06:16:27, 2449776.46976,   19h23m30.0s, -32°32'34.7", 12.18, 99.78%, 8.897810, +51°56'17.4"
1995-03-10 06:16:27, 2449786.46976,   19h26m45.1s, -32°25'07.2", 12.06, 99.72%, 8.680103, +61°01'44.2"
1995-03-20 06:16:27, 2449796.46976,   19h29m21.2s, -32°19'38.3", 11.94, 99.67%, 8.448607, +70°14'28.0"
1995-03-30 06:16:27, 2449806.46976,   19h31m12.1s, -32°16'14.3", 11.82, 99.63%, 8.207168, +79°35'08.3"
1995-04-09 06:16:27, 2449816.46976,   19h32m11.3s, -32°14'57.4", 11.70, 99.61%, 7.960129, +89°04'15.5"
1995-04-19 06:16:26, 2449826.46976,   19h32m13.3s, -32°15'40.5", 11.59, 99.61%, 7.712299, +98°42'02.9"
1995-04-29 06:16:26, 2449836.46976,   19h31m13.1s, -32°18'10.1", 11.48, 99.63%, 7.468393, +108°29'34.2"
1995-05-09 06:16:26, 2449846.46975,   19h29m06.9s, -32°22'00.5", 11.37, 99.67%, 7.233529, +118°26'52.9"
1995-05-19 06:16:26, 2449856.46975,   19h25m53.4s, -32°26'32.3", 11.28, 99.73%, 7.012772, +128°32'55.1"
1995-05-29 06:16:26, 2449866.46975,   19h21m33.8s, -32°30'57.0", 11.20, 99.81%, 6.810777, +138°46'05.9"
1995-06-08 06:16:26, 2449876.46975,   19h16m12.2s, -32°34'13.9", 11.15, 99.88%, 6.632142, +149°00'33.8"
1995-06-18 06:16:26, 2449886.46975,   19h09m57.6s, -32°35'18.6", 11.19, 99.94%, 6.480594, +158°59'35.0"
1995-06-28 06:16:26, 2449896.46975,   19h03m02.3s, -32°33'11.9", 11.51, 99.98%, 6.358945, +167°37'27.1"
1995-07-08 06:16:26, 2449906.46975,   18h55m42.6s, -32°27'03.8", 16.80, 99.98%, 6.269143, +169°47'09.0"
1995-07-18 06:16:26, 2449916.46975,   18h48m17.4s, -32°16'27.0", 11.52, 99.96%, 6.211506, +162°43'22.9"
1995-07-28 06:16:26, 2449926.46975,   18h41m06.0s, -32°01'19.1", 10.92, 99.89%, 6.185193, +152°53'30.1"
1995-08-07 06:16:25, 2449936.46975,   18h34m27.2s, -31°42'00.2", 10.72, 99.81%, 6.188088, +142°29'01.8"
1995-08-17 06:16:25, 2449946.46974,   18h28m37.2s, -31°19'13.2", 10.61, 99.70%, 6.216621, +131°58'43.8"
1995-08-27 06:16:25, 2449956.46974,   18h23m48.1s, -30°53'49.8", 10.53, 99.60%, 6.266631, +121°31'46.8"
1995-09-06 06:16:25, 2449966.46974,   18h20m08.5s, -30°26'44.4", 10.48, 99.51%, 6.333134, +111°13'07.0"
1995-09-16 06:16:25, 2449976.46974,   18h17m42.3s, -29°58'47.6", 10.44, 99.45%, 6.410678, +101°04'58.4"
1995-09-26 06:16:25, 2449986.46974,   18h16m30.4s, -29°30'37.2", 10.41, 99.42%, 6.494027, +91°07'42.5"
1995-10-06 06:16:25, 2449996.46974,   18h16m31.1s, -29°02'40.3", 10.38, 99.42%, 6.577739, +81°21'53.6"
1995-10-16 06:16:25, 2450006.46974,   18h17m40.0s, -28°35'11.3", 10.35, 99.45%, 6.656763, +71°47'04.0"
1995-10-26 06:16:25, 2450016.46974,   18h19m51.9s, -28°08'12.6", 10.32, 99.51%, 6.726606, +62°22'01.1"
1995-11-05 06:16:25, 2450026.46974,   18h23m00.8s, -27°41'39.7", 10.30, 99.59%, 6.782922, +53°06'18.1"
1995-11-15 06:16:25, 2450036.46974,   18h26m59.5s, -27°15'21.0", 10.28, 99.69%, 6.822174, +43°58'53.3"
1995-11-25 06:16:25, 2450046.46973,   18h31m41.5s, -26°49'00.7", 10.26, 99.78%, 6.841359, +34°58'26.8"
1995-12-05 06:16:24, 2450056.46973,   18h36m59.3s, -26°22'22.8", 10.27, 99.87%, 6.837821, +26°04'42.1"
1995-12-15 06:16:24, 2450066.46973,   18h42m45.9s, -25°55'09.6", 10.34, 99.94%, 6.809843, +17°17'26.0"
1995-12-25 06:16:24, 2450076.46973,   18h48m54.3s, -25°27'04.7", 10.66, 99.98%, 6.756106, +8°39'25.3"
1996-01-04 06:16:24, 2450086.46973,   18h55m17.3s, -24°57'54.6", 13.19, 100.00%, 6.675802, +2°09'46.8"
1996-01-14 06:16:24, 2450096.46973,   19h01m47.6s, -24°27'27.1", 11.46, 99.98%, 6.569003, +9°14'50.4"
1996-01-24 06:16:24, 2450106.46973,   19h08m18.5s, -23°55'32.9", 10.14, 99.93%, 6.436040, +17°46'47.4"
1996-02-03 06:16:24, 2450116.46973,   19h14m42.2s, -23°22'07.0", 9.74, 99.84%, 6.277878, +26°22'56.1"
1996-02-13 06:16:24, 2450126.46973,   19h20m51.5s, -22°47'04.9", 9.48, 99.72%, 6.096168, +35°00'57.0"
1996-02-23 06:16:24, 2450136.46972,   19h26m38.7s, -22°10'26.2", 9.27, 99.57%, 5.892713, +43°41'46.0"
1996-03-04 06:16:24, 2450146.46972,   19h31m55.1s, -21°32'12.5", 9.06, 99.41%, 5.670021, +52°26'08.6"
1996-03-14 06:16:24, 2450156.46972,   19h36m32.2s, -20°52'25.4", 8.86, 99.24%, 5.431019, +61°15'46.7"
1996-03-24 06:16:23, 2450166.46972,   19h40m20.4s, -20°11'08.7", 8.66, 99.09%, 5.178778, +70°13'03.5"
1996-04-03 06:16:23, 2450176.46972,   19h43m08.7s, -19°28'25.5", 8.45, 98.96%, 4.917091, +79°19'47.2"
1996-04-13 06:16:23, 2450186.46972,   19h44m46.4s, -18°44'16.3", 8.23, 98.87%, 4.649954, +88°38'40.6"
1996-04-23 06:16:23, 2450196.46972,   19h45m00.4s, -17°58'41.2", 8.01, 98.83%, 4.381631, +98°13'04.1"
1996-05-03 06:16:23, 2450206.46972,   19h43m37.7s, -17°11'35.1", 7.78, 98.87%, 4.117086, +108°05'22.9"
1996-05-13 06:16:23, 2450216.46972,   19h40m25.6s, -16°22'47.7", 7.55, 98.98%, 3.861335, +118°18'27.9"
1996-05-23 06:16:23, 2450226.46972,   19h35m11.7s, -15°32'07.1", 7.32, 99.16%, 3.619808, +128°54'24.4"
1996-06-02 06:16:23, 2450236.46971,   19h27m48.4s, -14°39'17.5", 7.11, 99.40%, 3.398306, +139°51'15.5"
1996-06-12 06:16:23, 2450246.46971,   19h18m14.5s, -13°44'07.8", 6.94, 99.64%, 3.202231, +150°59'54.4"
1996-06-22 06:16:23, 2450256.46971,   19h06m38.4s, -12°46'43.6", 6.88, 99.84%, 3.036811, +161°41'38.3"
1996-07-02 06:16:23, 2450266.46971,   18h53m23.8s, -11°47'35.5", 7.62, 99.93%, 2.906151, +168°35'59.3"
1996-07-12 06:16:22, 2450276.46971,   18h39m07.3s, -10°47'50.7", 7.48, 99.87%, 2.812409, +164°06'54.4"
1996-07-22 06:16:22, 2450286.46971,   18h24m36.6s, -9°49'11.4", 6.30, 99.62%, 2.755790, +153°18'01.6"
1996-08-01 06:16:22, 2450296.46971,   18h10m44.2s, -8°53'31.3", 5.98, 99.21%, 2.733651, +141°16'02.7"
1996-08-11 06:16:22, 2450306.46971,   17h58m15.7s, -8°02'29.9", 5.79, 98.70%, 2.741087, +129°09'53.5"
1996-08-21 06:16:22, 2450316.46971,   17h47m46.5s, -7°17'08.1", 5.64, 98.18%, 2.771732, +117°22'46.3"
1996-08-31 06:16:22, 2450326.46971,   17h39m37.5s, -6°37'29.5", 5.51, 97.72%, 2.818032, +106°05'37.8"
1996-09-10 06:16:22, 2450336.46970,   17h33m55.3s, -6°02'52.0", 5.39, 97.37%, 2.872628, +95°22'15.6"
1996-09-20 06:16:22, 2450346.46970,   17h30m39.0s, -5°31'56.2", 5.27, 97.17%, 2.928564, +85°14'04.0"
1996-09-30 06:16:22, 2450356.46970,   17h29m40.1s, -5°02'55.2", 5.14, 97.12%, 2.979427, +75°41'09.2"
1996-10-10 06:16:22, 2450366.46970,   17h30m47.6s, -4°33'54.0", 5.00, 97.20%, 3.020032, +66°42'25.0"
1996-10-20 06:16:22, 2450376.46970,   17h33m50.8s, -4°02'46.9", 4.84, 97.40%, 3.045849, +58°18'21.8"
1996-10-30 06:16:22, 2450386.46970,   17h38m38.2s, -3°27'21.2", 4.66, 97.67%, 3.053188, +50°31'23.6"
1996-11-09 06:16:21, 2450396.46970,   17h45m00.8s, -2°45'22.0", 4.47, 97.98%, 3.039433, +43°26'13.5"
1996-11-19 06:16:21, 2450406.46970,   17h52m51.7s, -1°54'17.7", 4.27, 98.27%, 3.002414, +37°13'00.2"
1996-11-29 06:16:21, 2450416.46970,   18h02m05.2s, -0°51'21.6", 4.08, 98.52%, 2.940842, +32°08'24.0"
1996-12-09 06:16:21, 2450426.46970,   18h12m39.9s, +0°26'36.4", 3.93, 98.65%, 2.854273, +28°35'08.9"
1996-12-19 06:16:21, 2450436.46969,   18h24m37.9s, +2°03'31.7", 4.07, 98.63%, 2.742717, +26°56'24.3"
1996-12-29 06:16:21, 2450446.46969,   18h38m05.3s, +4°04'08.8", 6.77, 98.39%, 2.607261, +27°19'17.4"
1997-01-08 06:16:21, 2450456.46969,   18h53m18.3s, +6°34'30.4", 4.41, 97.85%, 2.449912, +29°24'48.3"
1997-01-18 06:16:21, 2450466.46969,   19h10m43.8s, +9°42'29.9", 2.56, 96.94%, 2.273665, +32°37'47.1"
1997-01-28 06:16:21, 2450476.46969,   19h31m09.8s, +13°37'52.9", 1.69, 95.55%, 2.083452, +36°21'29.2"
1997-02-07 06:16:21, 2450486.46969,   19h56m02.7s, +18°32'13.4", 0.97, 93.61%, 1.886451, +40°03'47.3"
1997-02-17 06:16:21, 2450496.46969,   20h27m54.0s, +24°35'42.3", 0.31, 91.05%, 1.693299, +43°15'19.8"
1997-02-27 06:16:20, 2450506.46969,   21h11m11.9s, +31°44'56.4", -0.27, 88.00%, 1.519930, +45°27'04.7"
1997-03-09 06:16:20, 2450516.46969,   22h12m59.5s, +39°12'41.5", -0.60, 84.95%, 1.387798, +46°14'32.0"
1997-03-19 06:16:20, 2450526.46969,   23h39m01.0s, +44°44'22.2", 0.69, 82.96%, 1.320299, +45°29'06.7"
1997-03-29 06:16:20, 2450536.46968,    1h18m48.1s, +45°25'44.7", -0.31, 83.12%, 1.331985, +43°24'42.4"
1997-04-08 06:16:20, 2450546.46968,    2h45m25.3s, +41°09'26.5", -1.06, 85.52%, 1.417455, +40°25'00.8"
1997-04-18 06:16:20, 2450556.46968,    3h47m24.4s, +34°36'43.2", -0.84, 89.01%, 1.554543, +36°49'43.5"
1997-04-28 06:16:20, 2450566.46968,    4h30m24.9s, +27°55'17.4", -0.37, 92.36%, 1.718303, +32°56'23.4"
1997-05-08 06:16:20, 2450576.46968,    5h01m51.5s, +21°52'10.6", 0.20, 94.96%, 1.889757, +29°04'39.0"
1997-05-18 06:16:20, 2450586.46968,    5h26m29.3s, +16°33'07.7", 0.80, 96.71%, 2.056860, +25°37'18.0"
1997-05-28 06:16:20, 2450596.46968,    5h46m58.6s, +11°50'40.4", 1.41, 97.77%, 2.213141, +22°59'52.8"
1997-06-07 06:16:20, 2450606.46968,    6h04m50.1s, +7°35'10.0", 2.05, 98.33%, 2.355326, +21°38'39.5"
1997-06-17 06:16:20, 2450616.46968,    6h20m53.9s, +3°37'54.7", 2.85, 98.55%, 2.481888, +21°52'03.8"
1997-06-27 06:16:19, 2450626.46967,    6h35m38.5s, -0°08'01.1", 4.63, 98.56%, 2.592770, +23°38'45.3"
1997-07-07 06:16:19, 2450636.46967,    6h49m21.3s, -3°48'04.5", 6.99, 98.43%, 2.688448, +26°40'27.1"
1997-07-17 06:16:19, 2450646.46967,    7h02m10.4s, -7°26'28.9", 4.23, 98.24%, 2.769822, +30°34'52.6"
1997-07-27 06:16:19, 2450656.46967,    7h14m09.5s, -11°06'18.2", 4.04, 98.01%, 2.838415, +35°03'42.5"
1997-08-06 06:16:19, 2450666.46967,    7h25m19.6s, -14°49'55.9", 4.16, 97.79%, 2.895773, +39°54'31.9"
1997-08-16 06:16:19, 2450676.46967,    7h35m37.0s, -18°38'57.9", 4.34, 97.60%, 2.943737, +44°58'43.5"
1997-08-26 06:16:19, 2450686.46967,    7h44m56.9s, -22°34'12.0", 4.54, 97.45%, 2.984514, +50°09'53.8"
1997-09-05 06:16:19, 2450696.46967,    7h53m11.6s, -26°35'58.1", 4.75, 97.35%, 3.020193, +55°23'19.2"
1997-09-15 06:16:19, 2450706.46967,    8h00m09.0s, -30°43'40.8", 4.95, 97.31%, 3.053134, +60°34'15.9"
1997-09-25 06:16:19, 2450716.46967,    8h05m35.2s, -34°55'54.2", 5.15, 97.31%, 3.085792, +65°37'58.4"
1997-10-05 06:16:19, 2450726.46966,    8h09m10.6s, -39°10'30.8", 5.35, 97.36%, 3.120388, +70°29'52.8"
1997-10-15 06:16:18, 2450736.46966,    8h10m29.9s, -43°24'04.7", 5.55, 97.45%, 3.159221, +75°04'32.3"
1997-10-25 06:16:18, 2450746.46966,    8h09m03.4s, -47°32'09.5", 5.75, 97.57%, 3.204328, +79°16'21.1"
1997-11-04 06:16:18, 2450756.46966,    8h04m13.6s, -51°29'13.4", 5.96, 97.71%, 3.257335, +83°00'06.4"
1997-11-14 06:16:18, 2450766.46966,    7h55m20.9s, -55°08'11.5", 6.19, 97.85%, 3.319633, +86°10'32.3"
1997-11-24 06:16:18, 2450776.46966,    7h41m51.9s, -58°21'12.5", 6.45, 97.98%, 3.392056, +88°43'28.4"
1997-12-04 06:16:18, 2450786.46966,    7h23m32.3s, -60°59'48.3", 6.78, 98.11%, 3.474955, +90°36'25.7"
1997-12-14 06:16:18, 2450796.46966,    7h00m54.6s, -62°56'04.7", 7.37, 98.23%, 3.568268, +91°48'27.3"
1997-12-24 06:16:18, 2450806.46966,    6h35m33.0s, -64°05'12.5", 10.02, 98.33%, 3.671408, +92°20'42.1"
1998-01-03 06:16:18, 2450816.46966,    6h09m52.2s, -64°26'48.8", 9.01, 98.43%, 3.783465, +92°16'19.1"
1998-01-13 06:16:18, 2450826.46965,    5h46m26.2s, -64°05'59.8", 7.83, 98.51%, 3.903219, +91°39'53.4"
1998-01-23 06:16:18, 2450836.46965,    5h27m02.5s, -63°11'53.0", 7.70, 98.58%, 4.029234, +90°36'54.5"
1998-02-02 06:16:17, 2450846.46965,    5h12m26.2s, -61°54'38.4", 7.76, 98.65%, 4.160007, +89°13'27.1"
1998-02-12 06:16:17, 2450856.46965,    5h02m33.2s, -60°23'56.2", 7.87, 98.71%, 4.293944, +87°35'40.7"
1998-02-22 06:16:17, 2450866.46965,    4h56m50.0s, -58°47'32.0", 8.00, 98.77%, 4.429543, +85°49'09.8"
1998-03-04 06:16:17, 2450876.46965,    4h54m37.1s, -57°11'12.1", 8.14, 98.82%, 4.565399, +83°59'07.0"
1998-03-14 06:16:17, 2450886.46965,    4h55m15.4s, -55°39'19.8", 8.29, 98.88%, 4.700176, +82°10'12.8"
1998-03-24 06:16:17, 2450896.46965,    4h58m10.2s, -54°14'49.3", 8.44, 98.93%, 4.832803, +80°26'05.8"
1998-04-03 06:16:17, 2450906.46965,    5h02m54.4s, -52°59'43.5", 8.60, 98.97%, 4.962334, +78°49'58.2"
1998-04-13 06:16:17, 2450916.46965,    5h09m04.8s, -51°55'33.2", 8.75, 99.02%, 5.087978, +77°24'25.8"
1998-04-23 06:16:17, 2450926.46964,    5h16m22.6s, -51°03'07.1", 8.91, 99.06%, 5.209239, +76°11'06.2"
1998-05-03 06:16:17, 2450936.46964,    5h24m33.7s, -50°23'02.6", 9.07, 99.10%, 5.325702, +75°11'19.9"
1998-05-13 06:16:17, 2450946.46964,    5h33m24.8s, -49°55'42.3", 9.25, 99.14%, 5.437145, +74°25'50.2"
1998-05-23 06:16:17, 2450956.46964,    5h42m45.7s, -49°41'07.3", 9.46, 99.17%, 5.543580, +73°54'35.8"
1998-06-02 06:16:16, 2450966.46964,    5h52m27.6s, -49°39'21.1", 9.75, 99.20%, 5.645045, +73°37'26.6"
1998-06-12 06:16:16, 2450976.46964,    6h02m21.9s, -49°50'13.6", 10.22, 99.22%, 5.741771, +73°33'37.6"
1998-06-22 06:16:16, 2450986.46964,    6h12m21.4s, -50°13'23.7", 11.53, 99.24%, 5.834130, +73°41'58.1"
1998-07-02 06:16:16, 2450996.46964,    6h22m19.4s, -50°48'34.3", 16.89, 99.27%, 5.922471, +74°01'16.7"
1998-07-12 06:16:16, 2451006.46964,    6h32m08.2s, -51°35'12.9", 11.47, 99.29%, 6.007314, +74°29'54.5"
1998-07-22 06:16:16, 2451016.46964,    6h41m41.4s, -52°32'41.6", 10.61, 99.31%, 6.089212, +75°06'07.1"
1998-08-01 06:16:16, 2451026.46963,    6h50m51.4s, -53°40'23.3", 10.39, 99.32%, 6.168673, +75°48'14.9"
1998-08-11 06:16:16, 2451036.46963,    6h59m29.7s, -54°57'23.2", 10.33, 99.34%, 6.246322, +76°34'21.7"
1998-08-21 06:16:16, 2451046.46963,    7h07m27.8s, -56°22'44.2", 10.34, 99.36%, 6.322723, +77°22'41.6"
1998-08-31 06:16:16, 2451056.46963,    7h14m34.7s, -57°55'23.5", 10.38, 99.38%, 6.398387, +78°11'36.7"
1998-09-10 06:16:16, 2451066.46963,    7h20m38.0s, -59°33'58.3", 10.44, 99.39%, 6.473861, +78°59'23.9"
1998-09-20 06:16:15, 2451076.46963,    7h25m23.7s, -61°17'03.7", 10.51, 99.41%, 6.549575, +79°44'41.2"
1998-09-30 06:16:15, 2451086.46963,    7h28m33.6s, -63°02'58.1", 10.60, 99.43%, 6.625892, +80°26'17.0"
1998-10-10 06:16:15, 2451096.46963,    7h29m47.5s, -64°49'37.6", 10.69, 99.44%, 6.703141, +81°03'06.8"
1998-10-20 06:16:15, 2451106.46963,    7h28m41.9s, -66°34'49.2", 10.80, 99.46%, 6.781511, +81°34'31.7"
1998-10-30 06:16:15, 2451116.46963,    7h24m49.9s, -68°15'49.3", 10.93, 99.47%, 6.861118, +82°00'07.2"
1998-11-09 06:16:15, 2451126.46962,    7h17m46.6s, -69°49'29.6", 11.09, 99.49%, 6.942003, +82°19'43.5"
1998-11-19 06:16:15, 2451136.46962,    7h07m12.4s, -71°12'27.6", 11.31, 99.50%, 7.024090, +82°33'34.6"
1998-11-29 06:16:15, 2451146.46962,    6h53m02.8s, -72°20'57.9", 11.69, 99.52%, 7.107234, +82°42'10.0"
1998-12-09 06:16:15, 2451156.46962,    6h35m42.6s, -73°11'33.8", 12.57, 99.53%, 7.191225, +82°46'12.7"
1998-12-19 06:16:15, 2451166.46962,    6h16m09.5s, -73°41'39.6", 16.34, 99.54%, 7.275794, +82°46'39.1"
1998-12-29 06:16:15, 2451176.46962,    5h55m54.8s, -73°50'03.6", 14.05, 99.55%, 7.360627, +82°44'36.7"
1999-01-08 06:16:14, 2451186.46962,    5h36m40.9s, -73°37'41.3", 12.35, 99.56%, 7.445399, +82°41'14.9"
1999-01-18 06:16:14, 2451196.46962,    5h19m52.5s, -73°07'08.8", 11.93, 99.57%, 7.529792, +82°37'42.3"
1999-01-28 06:16:14, 2451206.46962,    5h06m23.5s, -72°22'11.4", 11.78, 99.58%, 7.613477, +82°35'09.7"
1999-02-07 06:16:14, 2451216.46961,    4h56m31.2s, -71°27'03.8", 11.74, 99.59%, 7.696189, +82°34'34.5"
1999-02-17 06:16:14, 2451226.46961,    4h50m07.4s, -70°25'38.7", 11.75, 99.59%, 7.777710, +82°36'43.1"
1999-02-27 06:16:14, 2451236.46961,    4h46m51.7s, -69°21'24.6", 11.78, 99.60%, 7.857849, +82°42'16.0"
1999-03-09 06:16:14, 2451246.46961,    4h46m16.7s, -68°17'15.0", 11.82, 99.61%, 7.936524, +82°51'30.0"
1999-03-19 06:16:14, 2451256.46961,    4h47m56.5s, -67°15'22.8", 11.88, 99.61%, 8.013712, +83°04'29.5"
1999-03-29 06:16:14, 2451266.46961,    4h51m27.8s, -66°17'41.2", 11.95, 99.62%, 8.089428, +83°21'11.0"
1999-04-08 06:16:14, 2451276.46961,    4h56m29.1s, -65°25'34.2", 12.02, 99.62%, 8.163813, +83°41'04.6"
1999-04-18 06:16:14, 2451286.46961,    5h02m43.7s, -64°40'04.6", 12.11, 99.63%, 8.237037, +84°03'35.9"
1999-04-28 06:16:14, 2451296.46961,    5h09m56.9s, -64°02'06.6", 12.21, 99.63%, 8.309306, +84°28'03.6"
1999-05-08 06:16:13, 2451306.46961,    5h17m55.7s, -63°32'13.6", 12.34, 99.64%, 8.380930, +84°53'26.0"
1999-05-18 06:16:13, 2451316.46960,    5h26m30.0s, -63°10'50.1", 12.52, 99.64%, 8.452197, +85°18'46.6"
1999-05-28 06:16:13, 2451326.46960,    5h35m30.2s, -62°58'15.6", 12.78, 99.65%, 8.523426, +85°43'04.9"
1999-06-07 06:16:13, 2451336.46960,    5h44m47.6s, -62°54'33.1", 13.25, 99.65%, 8.594978, +86°05'09.6"
1999-06-17 06:16:13, 2451346.46960,    5h54m15.2s, -62°59'43.2", 14.43, 99.66%, 8.667157, +86°24'03.4"
1999-06-27 06:16:13, 2451356.46960,    6h03m45.0s, -63°13'40.6", 18.87, 99.66%, 8.740272, +86°38'47.7"
1999-07-07 06:16:13, 2451366.46960,    6h13m10.0s, -63°36'06.8", 15.52, 99.67%, 8.814615, +86°48'24.2"
1999-07-17 06:16:13, 2451376.46960,    6h22m23.4s, -64°06'44.4", 13.84, 99.67%, 8.890394, +86°52'13.8"
1999-07-27 06:16:13, 2451386.46960,    6h31m16.8s, -64°45'06.5", 13.32, 99.68%, 8.967789, +86°49'40.9"
1999-08-06 06:16:13, 2451396.46960,    6h39m42.6s, -65°30'37.1", 13.12, 99.69%, 9.046918, +86°40'19.5"
1999-08-16 06:16:13, 2451406.46960,    6h47m31.6s, -66°22'41.0", 13.04, 99.69%, 9.127800, +86°24'04.6"
1999-08-26 06:16:12, 2451416.46959,    6h54m33.0s, -67°20'30.0", 13.02, 99.70%, 9.210404, +86°01'00.7"
1999-09-05 06:16:12, 2451426.46959,    7h00m35.2s, -68°23'09.3", 13.03, 99.71%, 9.294610, +85°31'27.0"
1999-09-15 06:16:12, 2451436.46959,    7h05m24.0s, -69°29'41.3", 13.06, 99.71%, 9.380212, +84°56'02.7"
1999-09-25 06:16:12, 2451446.46959,    7h08m42.3s, -70°38'51.2", 13.11, 99.72%, 9.466933, +84°15'40.4"
1999-10-05 06:16:12, 2451456.46959,    7h10m11.2s, -71°49'17.1", 13.18, 99.73%, 9.554429, +83°31'27.3"
1999-10-15 06:16:12, 2451466.46959,    7h09m27.7s, -72°59'25.5", 13.28, 99.73%, 9.642290, +82°44'45.3"
1999-10-25 06:16:12, 2451476.46959,    7h06m07.4s, -74°07'20.6", 13.40, 99.74%, 9.730050, +81°57'10.0"
1999-11-04 06:16:12, 2451486.46959,    6h59m46.9s, -75°10'55.8", 13.56, 99.74%, 9.817227, +81°10'23.3"
1999-11-14 06:16:12, 2451496.46959,    6h50m06.2s, -76°07'45.9", 13.82, 99.75%, 9.903310, +80°26'13.3"
1999-11-24 06:16:12, 2451506.46959,    6h37m00.7s, -76°55'11.6", 14.29, 99.76%, 9.987779, +79°46'33.8"
1999-12-04 06:16:12, 2451516.46958,    6h20m48.7s, -77°30'45.2", 15.42, 99.76%, 10.070172, +79°13'10.2"
1999-12-14 06:16:12, 2451526.46958,    6h02m19.7s, -77°52'20.3", 19.24, 99.77%, 10.150038, +78°47'41.8"
1999-12-24 06:16:11, 2451536.46958,    5h42m55.5s, -77°58'50.5", 16.92, 99.77%, 10.226985, +78°31'38.2"
2000-01-03 06:16:11, 2451546.46958,    5h24m10.0s, -77°50'30.0", 14.92, 99.77%, 10.300744, +78°26'03.8"
2000-01-13 06:16:11, 2451556.46958,    5h07m28.0s, -77°28'43.5", 14.29, 99.78%, 10.371088, +78°31'45.8"
2000-01-23 06:16:11, 2451566.46958,    4h53m47.0s, -76°55'57.8", 14.04, 99.78%, 10.437912, +78°49'06.6"
2000-02-02 06:16:11, 2451576.46958,    4h43m30.0s, -76°15'02.4", 13.92, 99.78%, 10.501259, +79°17'56.1"
2000-02-12 06:16:11, 2451586.46958,    4h36m35.9s, -75°28'43.1", 13.87, 99.78%, 10.561223, +79°57'45.1"
2000-02-22 06:16:11, 2451596.46958,    4h32m47.6s, -74°39'36.0", 13.86, 99.78%, 10.618049, +80°47'35.5"
2000-03-03 06:16:11, 2451606.46958,    4h31m40.6s, -73°49'48.5", 13.86, 99.78%, 10.672103, +81°46'04.5"
2000-03-13 06:16:11, 2451616.46957,    4h32m50.9s, -73°01'07.6", 13.89, 99.78%, 10.723784, +82°51'40.0"
2000-03-23 06:16:11, 2451626.46957,    4h35m55.0s, -72°15'03.7", 13.93, 99.79%, 10.773631, +84°02'26.3"
2000-04-02 06:16:11, 2451636.46957,    4h40m32.4s, -71°32'43.0", 13.98, 99.79%, 10.822230, +85°16'20.3"
2000-04-12 06:16:10, 2451646.46957,    4h46m26.4s, -70°55'02.6", 14.05, 99.79%, 10.870174, +86°31'20.7"
2000-04-22 06:16:10, 2451656.46957,    4h53m21.4s, -70°22'47.4", 14.13, 99.79%, 10.918145, +87°45'10.9"
2000-05-02 06:16:10, 2451666.46957,    5h01m05.1s, -69°56'27.1", 14.25, 99.79%, 10.966789, +88°55'43.4"
2000-05-12 06:16:10, 2451676.46957,    5h09m27.0s, -69°36'29.0", 14.42, 99.79%, 11.016727, +90°00'59.4"
2000-05-22 06:16:10, 2451686.46957,    5h18m17.0s, -69°23'09.3", 14.69, 99.79%, 11.068598, +90°58'54.3"
2000-06-01 06:16:10, 2451696.46957,    5h27m27.1s, -69°16'35.4", 15.17, 99.79%, 11.122935, +91°47'44.0"
2000-06-11 06:16:10, 2451706.46957,    5h36m49.6s, -69°16'54.2", 16.23, 99.80%, 11.180223, +92°25'58.7"
2000-06-21 06:16:10, 2451716.46956,    5h46m16.5s, -69°24'01.3", 19.29, 99.80%, 11.240885, +92°52'13.8"
2000-07-01 06:16:10, 2451726.46956,    5h55m41.3s, -69°37'48.3", 18.84, 99.80%, 11.305205, +93°05'32.5"
2000-07-11 06:16:10, 2451736.46956,    6h04m56.4s, -69°58'05.2", 16.28, 99.80%, 11.373395, +93°05'18.0"
2000-07-21 06:16:10, 2451746.46956,    6h13m53.9s, -70°24'31.0", 15.41, 99.81%, 11.445542, +92°51'08.7"
2000-07-31 06:16:09, 2451756.46956,    6h22m26.3s, -70°56'43.6", 15.05, 99.81%, 11.521599, +92°23'12.5"
2000-08-10 06:16:09, 2451766.46956,    6h30m24.0s, -71°34'16.8", 14.88, 99.81%, 11.601424, +91°42'00.3"
2000-08-20 06:16:09, 2451776.46956,    6h37m36.7s, -72°16'33.9", 14.80, 99.81%, 11.684725, +90°48'23.5"
2000-08-30 06:16:09, 2451786.46956,    6h43m52.9s, -73°02'58.0", 14.78, 99.82%, 11.771112, +89°43'37.1"
2000-09-09 06:16:09, 2451796.46956,    6h48m58.1s, -73°52'43.4", 14.78, 99.82%, 11.860085, +88°29'18.3"
2000-09-19 06:16:09, 2451806.46955,    6h52m36.1s, -74°44'54.0", 14.82, 99.82%, 11.951024, +87°07'23.7"
2000-09-29 06:16:09, 2451816.46955,    6h54m27.7s, -75°38'30.6", 14.88, 99.83%, 12.043262, +85°40'02.9"
2000-10-09 06:16:09, 2451826.46955,    6h54m09.9s, -76°32'18.2", 14.96, 99.83%, 12.136036, +84°09'45.4"
2000-10-19 06:16:09, 2451836.46955,    6h51m18.5s, -77°24'49.5", 15.09, 99.83%, 12.228537, +82°39'12.6"
2000-10-29 06:16:09, 2451846.46955,    6h45m28.4s, -78°14'27.0", 15.28, 99.84%, 12.319975, +81°11'07.1"
2000-11-08 06:16:09, 2451856.46955,    6h36m18.1s, -78°59'12.8", 15.59, 99.84%, 12.409507, +79°48'24.7"
2000-11-18 06:16:09, 2451866.46955,    6h23m39.8s, -79°37'02.2", 16.16, 99.85%, 12.496355, +78°33'58.1"
2000-11-28 06:16:08, 2451876.46955,    6h07m46.1s, -80°05'50.7", 17.45, 99.85%, 12.579821, +77°30'25.2"
2000-12-08 06:16:08, 2451886.46955,    5h49m22.9s, -80°23'47.7", 21.12, 99.85%, 12.659225, +76°40'20.5"
2000-12-18 06:16:08, 2451896.46955,    5h29m48.8s, -80°29'50.1", 18.93, 99.85%, 12.734063, +76°05'50.3"
2000-12-28 06:16:08, 2451906.46954,    5h10m38.4s, -80°23'51.9", 16.79, 99.86%, 12.803947, +75°48'27.6"
2001-01-07 06:16:08, 2451916.46954,    4h53m22.4s, -80°06'51.2", 15.99, 99.86%, 12.868587, +75°49'18.0"
2001-01-17 06:16:08, 2451926.46954,    4h39m03.2s, -79°40'39.8", 15.64, 99.86%, 12.927933, +76°08'38.8"
2001-01-27 06:16:08, 2451936.46954,    4h28m09.0s, -79°07'28.1", 15.47, 99.86%, 12.982046, +76°46'07.7"
2001-02-06 06:16:08, 2451946.46954,    4h20m42.1s, -78°29'33.8", 15.38, 99.86%, 13.031138, +77°40'45.5"
2001-02-16 06:16:08, 2451956.46954,    4h16m25.3s, -77°49'03.0", 15.33, 99.86%, 13.075653, +78°50'47.9"
2001-02-26 06:16:08, 2451966.46954,    4h14m55.3s, -77°07'40.6", 15.32, 99.86%, 13.116095, +80°14'09.6"
2001-03-08 06:16:08, 2451976.46954,    4h15m47.2s, -76°26'59.2", 15.33, 99.86%, 13.153128, +81°48'17.6"
2001-03-18 06:16:07, 2451986.46954,    4h18m36.4s, -75°48'11.2", 15.35, 99.86%, 13.187565, +83°30'16.3"
2001-03-28 06:16:07, 2451996.46954,    4h23m02.8s, -75°12'14.3", 15.39, 99.86%, 13.220212, +85°17'13.0"
2001-04-07 06:16:07, 2452006.46953,    4h28m48.4s, -74°39'58.6", 15.45, 99.86%, 13.251994, +87°05'59.8"
2001-04-17 06:16:07, 2452016.46953,    4h35m37.4s, -74°11'59.4", 15.53, 99.86%, 13.283862, +88°53'26.7"
2001-04-27 06:16:07, 2452026.46953,    4h43m17.8s, -73°48'45.4", 15.65, 99.86%, 13.316705, +90°36'41.2"
2001-05-07 06:16:07, 2452036.46953,    4h51m38.2s, -73°30'40.3", 15.82, 99.86%, 13.351455, +92°12'43.5"
2001-05-17 06:16:07, 2452046.46953,    5h00m28.7s, -73°17'56.7", 16.10, 99.86%, 13.388953, +93°38'47.4"
2001-05-27 06:16:07, 2452056.46953,    5h09m41.4s, -73°10'45.2", 16.58, 99.86%, 13.429939, +94°52'31.3"
2001-06-06 06:16:07, 2452066.46953,    5h19m07.9s, -73°09'11.3", 17.56, 99.86%, 13.475115, +95°51'37.9"
2001-06-16 06:16:07, 2452076.46953,    5h28m41.0s, -73°13'11.9", 19.92, 99.86%, 13.525002, +96°34'17.4"
2001-06-26 06:16:07, 2452086.46953,    5h38m13.8s, -73°22'44.4", 21.71, 99.87%, 13.580010, +96°59'11.7"
2001-07-06 06:16:06, 2452096.46953,    5h47m38.4s, -73°37'39.3", 18.42, 99.87%, 13.640431, +97°05'22.0"
2001-07-16 06:16:06, 2452106.46952,    5h56m47.7s, -73°57'41.7", 17.16, 99.87%, 13.706343, +96°52'26.5"
2001-07-26 06:16:06, 2452116.46952,    6h05m33.7s, -74°22'36.8", 16.61, 99.87%, 13.777717, +96°20'37.5"
2001-08-05 06:16:06, 2452126.46952,    6h13m46.7s, -74°52'01.7", 16.34, 99.87%, 13.854348, +95°30'36.9"
2001-08-15 06:16:06, 2452136.46952,    6h21m17.1s, -75°25'29.9", 16.20, 99.87%, 13.935846, +94°23'39.1"
2001-08-25 06:16:06, 2452146.46952,    6h27m52.8s, -76°02'33.4", 16.14, 99.87%, 14.021726, +93°01'25.6"
2001-09-04 06:16:06, 2452156.46952,    6h33m19.5s, -76°42'33.8", 16.12, 99.87%, 14.111310, +91°26'08.0"
2001-09-14 06:16:06, 2452166.46952,    6h37m21.3s, -77°24'49.5", 16.14, 99.87%, 14.203819, +89°40'15.1"
2001-09-24 06:16:06, 2452176.46952,    6h39m38.1s, -78°08'32.4", 16.19, 99.88%, 14.298395, +87°46'33.7"
2001-10-04 06:16:06, 2452186.46952,    6h39m47.0s, -78°52'40.9", 16.28, 99.88%, 14.394034, +85°48'16.0"
2001-10-14 06:16:06, 2452196.46952,    6h37m22.9s, -79°36'06.9", 16.42, 99.88%, 14.489740, +83°48'35.9"
2001-10-24 06:16:06, 2452206.46951,    6h31m57.8s, -80°17'27.9", 16.64, 99.88%, 14.584472, +81°50'59.7"
2001-11-03 06:16:05, 2452216.46951,    6h23m08.7s, -80°55'06.0", 17.00, 99.89%, 14.677147, +79°59'09.8"
2001-11-13 06:16:05, 2452226.46951,    6h10m42.3s, -81°27'16.6", 17.67, 99.89%, 14.766806, +78°16'34.6"
2001-11-23 06:16:05, 2452236.46951,    5h54m46.8s, -81°52'07.5", 19.10, 99.89%, 14.852493, +76°46'43.9"
2001-12-03 06:16:05, 2452246.46951,    5h36m05.4s, -82°07'59.8", 22.62, 99.89%, 14.933353, +75°32'59.8"
2001-12-13 06:16:05, 2452256.46951,    5h15m55.3s, -82°13'49.7", 20.42, 99.90%, 15.008739, +74°38'06.7"
2001-12-23 06:16:05, 2452266.46951,    4h55m57.1s, -82°09'20.5", 18.26, 99.90%, 15.078065, +74°04'24.4"
2002-01-02 06:16:05, 2452276.46951,    4h37m49.1s, -81°55'17.4", 17.35, 99.90%, 15.140975, +73°53'29.0"
2002-01-12 06:16:05, 2452286.46951,    4h22m40.1s, -81°33'09.7", 16.92, 99.90%, 15.197346, +74°05'56.7"
2002-01-22 06:16:05, 2452296.46951,    4h11m04.2s, -81°04'49.3", 16.69, 99.90%, 15.247158, +74°41'39.3"
2002-02-01 06:16:05, 2452306.46950,    4h03m03.9s, -80°32'16.5", 16.57, 99.90%, 15.290684, +75°39'27.5"
2002-02-11 06:16:05, 2452316.46950,    3h58m22.0s, -79°57'18.0", 16.50, 99.90%, 15.328377, +76°57'24.7"
2002-02-21 06:16:04, 2452326.46950,    3h56m34.5s, -79°21'27.9", 16.46, 99.90%, 15.360804, +78°33'00.5"
2002-03-03 06:16:04, 2452336.46950,    3h57m13.9s, -78°46'06.2", 16.46, 99.90%, 15.388796, +80°23'02.2"
2002-03-13 06:16:04, 2452346.46950,    3h59m55.2s, -78°12'14.2", 16.47, 99.90%, 15.413253, +82°24'06.7"
2002-03-23 06:16:04, 2452356.46950,    4h04m17.2s, -77°40'45.0", 16.50, 99.90%, 15.435164, +84°32'38.9"
2002-04-02 06:16:04, 2452366.46950,    4h10m00.6s, -77°12'20.5", 16.56, 99.90%, 15.455677, +86°44'45.5"
2002-04-12 06:16:04, 2452376.46950,    4h16m50.0s, -76°47'31.1", 16.64, 99.90%, 15.475879, +88°56'50.1"
2002-04-22 06:16:04, 2452386.46950,    4h24m32.6s, -76°26'44.1", 16.76, 99.90%, 15.496906, +91°05'13.8"
2002-05-02 06:16:04, 2452396.46949,    4h32m56.5s, -76°10'18.1", 16.95, 99.90%, 15.519904, +93°06'14.7"
2002-05-12 06:16:04, 2452406.46949,    4h41m52.4s, -75°58'25.0", 17.23, 99.90%, 15.545867, +94°56'40.4"
2002-05-22 06:16:04, 2452416.46949,    4h51m11.9s, -75°51'15.7", 17.71, 99.90%, 15.575780, +96°33'22.5"
2002-06-01 06:16:04, 2452426.46949,    5h00m46.5s, -75°48'52.8", 18.63, 99.90%, 15.610494, +97°53'25.8"
2002-06-11 06:16:04, 2452436.46949,    5h10m29.6s, -75°51'16.1", 20.59, 99.90%, 15.650671, +98°54'34.5"
2002-06-21 06:16:03, 2452446.46949,    5h20m13.7s, -75°58'24.1", 24.23, 99.90%, 15.696900, +99°34'51.5"
2002-07-01 06:16:03, 2452456.46949,    5h29m51.2s, -76°10'07.3", 20.35, 99.90%, 15.749537, +99°52'54.2"
2002-07-11 06:16:03, 2452466.46949,    5h39m15.4s, -76°26'16.2", 18.73, 99.90%, 15.808757, +99°48'05.9"
2002-07-21 06:16:03, 2452476.46949,    5h48m17.4s, -76°46'38.0", 17.98, 99.90%, 15.874605, +99°20'24.7"
2002-07-31 06:16:03, 2452486.46949,    5h56m48.5s, -77°10'53.1", 17.60, 99.90%, 15.946855, +98°30'32.3"
2002-08-10 06:16:03, 2452496.46948,    6h04m38.8s, -77°38'42.6", 17.39, 99.90%, 16.025151, +97°19'48.0"
2002-08-20 06:16:03, 2452506.46948,    6h11m35.8s, -78°09'41.6", 17.29, 99.90%, 16.108962, +95°50'07.5"
2002-08-30 06:16:03, 2452516.46948,    6h17m25.9s, -78°43'19.2", 17.25, 99.90%, 16.197527, +94°03'59.4"
2002-09-09 06:16:03, 2452526.46948,    6h21m52.5s, -79°19'03.0", 17.25, 99.91%, 16.290020, +92°04'08.9"
2002-09-19 06:16:03, 2452536.46948,    6h24m34.9s, -79°56'10.9", 17.30, 99.91%, 16.385432, +89°53'52.9"
2002-09-29 06:16:03, 2452546.46948,    6h25m10.2s, -80°33'53.4", 17.40, 99.91%, 16.482639, +87°36'43.0"
2002-10-09 06:16:02, 2452556.46948,    6h23m11.0s, -81°11'13.9", 17.55, 99.91%, 16.580520, +85°16'13.7"
2002-10-19 06:16:02, 2452566.46948,    6h18m07.6s, -81°47'00.1", 17.81, 99.91%, 16.677815, +82°56'28.2"
2002-10-29 06:16:02, 2452576.46948,    6h09m33.7s, -82°19'50.0", 18.23, 99.91%, 16.773311, +80°41'29.0"
2002-11-08 06:16:02, 2452586.46948,    5h57m10.4s, -82°48'10.1", 18.99, 99.92%, 16.865859, +78°35'14.8"
2002-11-18 06:16:02, 2452596.46947,    5h41m02.2s, -83°10'18.3", 20.53, 99.92%, 16.954277, +76°42'00.8"
2002-11-28 06:16:02, 2452606.46947,    5h21m48.6s, -83°24'43.8", 23.96, 99.92%, 17.037591, +75°05'39.5"
2002-12-08 06:16:02, 2452616.46947,    5h00m48.1s, -83°30'20.1", 21.54, 99.92%, 17.114938, +73°49'39.9"
2002-12-18 06:16:02, 2452626.46947,    4h39m49.8s, -83°26'46.5", 19.45, 99.92%, 17.185565, +72°57'11.8"
2002-12-28 06:16:02, 2452636.46947,    4h20m40.5s, -83°14'38.7", 18.47, 99.92%, 17.249030, +72°30'24.8"
2003-01-07 06:16:02, 2452646.46947,    4h04m37.5s, -82°55'11.9", 17.98, 99.92%, 17.305025, +72°30'35.5"
2003-01-17 06:16:02, 2452656.46947,    3h52m19.5s, -82°30'08.6", 17.71, 99.92%, 17.353471, +72°58'00.3"
2003-01-27 06:16:01, 2452666.46947,    3h43m48.3s, -82°01'15.5", 17.55, 99.92%, 17.394610, +73°51'40.2"
2003-02-06 06:16:01, 2452676.46947,    3h38m46.2s, -81°30'08.1", 17.46, 99.92%, 17.428799, +75°09'46.0"
2003-02-16 06:16:01, 2452686.46947,    3h36m46.2s, -80°58'12.8", 17.42, 99.92%, 17.456669, +76°49'30.1"
2003-02-26 06:16:01, 2452696.46946,    3h37m18.5s, -80°26'38.8", 17.40, 99.92%, 17.479086, +78°47'23.9"
2003-03-08 06:16:01, 2452706.46946,    3h39m57.5s, -79°56'21.8", 17.40, 99.92%, 17.496966, +80°59'45.6"
2003-03-18 06:16:01, 2452716.46946,    3h44m19.8s, -79°28'09.9", 17.43, 99.92%, 17.511467, +83°22'21.5"
2003-03-28 06:16:01, 2452726.46946,    3h50m05.5s, -79°02'38.0", 17.49, 99.92%, 17.523817, +85°50'58.2"
2003-04-07 06:16:01, 2452736.46946,    3h56m59.2s, -78°40'15.2", 17.57, 99.92%, 17.535232, +88°21'32.2"
2003-04-17 06:16:01, 2452746.46946,    4h04m47.0s, -78°21'25.3", 17.70, 99.92%, 17.547061, +90°49'43.7"
2003-04-27 06:16:01, 2452756.46946,    4h13m17.4s, -78°06'23.0", 17.89, 99.92%, 17.560556, +93°11'32.8"
2003-05-07 06:16:01, 2452766.46946,    4h22m21.3s, -77°55'21.4", 18.18, 99.92%, 17.576907, +95°23'15.2"
2003-05-17 06:16:01, 2452776.46946,    4h31m49.4s, -77°48'28.6", 18.67, 99.92%, 17.597298, +97°21'00.7"
2003-05-27 06:16:00, 2452786.46946,    4h41m34.0s, -77°45'46.4", 19.55, 99.92%, 17.622687, +99°01'32.7"
2003-06-06 06:16:00, 2452796.46945,    4h51m28.4s, -77°47'16.9", 21.25, 99.92%, 17.653946, +100°21'57.3"
2003-06-16 06:16:00, 2452806.46945,    5h01m24.7s, -77°52'56.6", 24.78, 99.92%, 17.691800, +101°19'38.6"
2003-06-26 06:16:00, 2452816.46945,    5h11m16.2s, -78°02'38.1", 22.04, 99.92%, 17.736698, +101°52'50.5"
2003-07-06 06:16:00, 2452826.46945,    5h20m55.6s, -78°16'14.6", 20.16, 99.92%, 17.788986, +102°00'25.3"
2003-07-16 06:16:00, 2452836.46945,    5h30m14.2s, -78°33'33.0", 19.22, 99.92%, 17.848757, +101°42'00.0"
2003-07-26 06:16:00, 2452846.46945,    5h39m03.8s, -78°54'18.4", 18.72, 99.92%, 17.915857, +100°58'04.6"
2003-08-05 06:16:00, 2452856.46945,    5h47m13.8s, -79°18'15.0", 18.45, 99.92%, 17.990014, +99°49'51.6"
2003-08-15 06:16:00, 2452866.46945,    5h54m32.1s, -79°45'00.1", 18.31, 99.92%, 18.070658, +98°19'21.8"
2003-08-25 06:16:00, 2452876.46945,    6h00m45.1s, -80°14'09.9", 18.24, 99.92%, 18.157067, +96°29'05.6"
2003-09-04 06:16:00, 2452886.46945,    6h05m35.3s, -80°45'16.1", 18.23, 99.92%, 18.248387, +94°22'03.2"
2003-09-14 06:15:59, 2452896.46944,    6h08m42.2s, -81°17'42.1", 18.28, 99.93%, 18.343510, +92°01'49.3"
2003-09-24 06:15:59, 2452906.46944,    6h09m41.9s, -81°50'47.8", 18.38, 99.93%, 18.441297, +89°32'00.5"
2003-10-04 06:15:59, 2452916.46944,    6h08m04.7s, -82°23'43.0", 18.56, 99.93%, 18.540488, +86°56'36.2"
2003-10-14 06:15:59, 2452926.46944,    6h03m19.5s, -82°55'25.0", 18.85, 99.93%, 18.639696, +84°19'57.8"
2003-10-24 06:15:59, 2452936.46944,    5h54m55.3s, -83°24'42.9", 19.34, 99.93%, 18.737626, +81°46'16.1"
2003-11-03 06:15:59, 2452946.46944,    5h42m28.6s, -83°50'10.2", 20.20, 99.93%, 18.832913, +79°20'02.9"
2003-11-13 06:15:59, 2452956.46944,    5h25m59.6s, -84°10'14.5", 21.83, 99.93%, 18.924247, +77°05'57.6"
2003-11-23 06:15:59, 2452966.46944,    5h06m04.3s, -84°23'29.0", 25.24, 99.94%, 19.010512, +75°08'16.3"
2003-12-03 06:15:59, 2452976.46944,    4h44m05.2s, -84°28'46.1", 22.37, 99.94%, 19.090607, +73°31'16.9"
2003-12-13 06:15:59, 2452986.46943,    4h22m00.0s, -84°25'44.1", 20.42, 99.94%, 19.163678, +72°18'46.3"
2003-12-23 06:15:59, 2452996.46943,    4h01m45.9s, -84°14'50.2", 19.42, 99.94%, 19.229112, +71°33'36.4"
2004-01-02 06:15:58, 2453006.46943,    3h44m50.1s, -83°57'13.3", 18.89, 99.94%, 19.286410, +71°17'54.5"
2004-01-12 06:15:58, 2453016.46943,    3h31m53.5s, -83°34'28.9", 18.58, 99.94%, 19.335444, +71°32'27.7"
2004-01-22 06:15:58, 2453026.46943,    3h22m57.2s, -83°08'13.1", 18.40, 99.94%, 19.376306, +72°16'48.4"
2004-02-01 06:15:58, 2453036.46943,    3h17m41.2s, -82°39'55.5", 18.29, 99.94%, 19.409268, +73°29'22.9"
2004-02-11 06:15:58, 2453046.46943,    3h15m34.5s, -82°10'54.3", 18.23, 99.94%, 19.434980, +75°07'21.2"
2004-02-21 06:15:58, 2453056.46943,    3h16m05.7s, -81°42'10.9", 18.21, 99.94%, 19.454217, +77°07'17.4"
2004-03-02 06:15:58, 2453066.46943,    3h18m47.0s, -81°14'38.1", 18.21, 99.94%, 19.467949, +79°25'06.7"
2004-03-12 06:15:58, 2453076.46943,    3h23m13.4s, -80°48'57.5", 18.23, 99.94%, 19.477407, +81°56'14.3"
2004-03-22 06:15:58, 2453086.46942,    3h29m05.1s, -80°25'40.3", 18.29, 99.93%, 19.483820, +84°36'16.8"
2004-04-01 06:15:58, 2453096.46942,    3h36m05.6s, -80°05'14.4", 18.37, 99.93%, 19.488567, +87°20'34.5"
2004-04-11 06:15:58, 2453106.46942,    3h44m00.7s, -79°47'59.2", 18.51, 99.93%, 19.493104, +90°04'27.2"
2004-04-21 06:15:58, 2453116.46942,    3h52m39.4s, -79°34'08.7", 18.71, 99.93%, 19.498767, +92°43'42.4"
2004-05-01 06:15:57, 2453126.46942,    4h01m51.9s, -79°23'55.3", 19.01, 99.93%, 19.506968, +95°13'56.0"
2004-05-11 06:15:57, 2453136.46942,    4h11m29.2s, -79°17'24.4", 19.51, 99.94%, 19.518994, +97°30'57.7"
2004-05-21 06:15:57, 2453146.46942,    4h21m24.3s, -79°14'39.1", 20.36, 99.94%, 19.535956, +99°31'08.8"
2004-05-31 06:15:57, 2453156.46942,    4h31m29.6s, -79°15'40.9", 21.90, 99.94%, 19.558936, +101°10'51.8"
2004-06-10 06:15:57, 2453166.46942,    4h41m37.8s, -79°20'25.0", 24.77, 99.94%, 19.588741, +102°27'04.5"
2004-06-20 06:15:57, 2453176.46942,    4h51m42.7s, -79°28'47.1", 23.48, 99.94%, 19.626004, +103°17'28.3"
2004-06-30 06:15:57, 2453186.46941,    5h01m36.2s, -79°40'39.6", 21.44, 99.94%, 19.671212, +103°40'17.3"
2004-07-10 06:15:57, 2453196.46941,    5h11m10.5s, -79°55'50.5", 20.35, 99.94%, 19.724519, +103°34'44.7"
2004-07-20 06:15:57, 2453206.46941,    5h20m17.2s, -80°14'08.5", 19.76, 99.94%, 19.785934, +103°00'55.7"
2004-07-30 06:15:57, 2453216.46941,    5h28m45.3s, -80°35'18.0", 19.42, 99.94%, 19.855231, +101°59'50.0"
2004-08-09 06:15:57, 2453226.46941,    5h36m23.3s, -80°58'59.6", 19.23, 99.94%, 19.931881, +100°33'20.1"
2004-08-19 06:15:56, 2453236.46941,    5h42m57.0s, -81°24'53.8", 19.14, 99.94%, 20.015258, +98°43'52.9"
2004-08-29 06:15:56, 2453246.46941,    5h48m08.4s, -81°52'34.4", 19.12, 99.94%, 20.104456, +96°34'41.8"
2004-09-08 06:15:56, 2453256.46941,    5h51m37.1s, -82°21'30.7", 19.17, 99.94%, 20.198387, +94°09'21.8"
2004-09-18 06:15:56, 2453266.46941,    5h52m57.4s, -82°51'08.1", 19.28, 99.94%, 20.295902, +91°31'38.7"
2004-09-28 06:15:56, 2453276.46941,    5h51m38.3s, -83°20'40.9", 19.49, 99.94%, 20.395617, +88°45'54.2"
2004-10-08 06:15:56, 2453286.46940,    5h47m06.5s, -83°49'15.6", 19.82, 99.94%, 20.496128, +85°56'28.1"
2004-10-18 06:15:56, 2453296.46940,    5h38m46.1s, -84°15'47.1", 20.38, 99.94%, 20.596022, +83°07'46.8"
2004-10-28 06:15:56, 2453306.46940,    5h26m09.9s, -84°38'56.1", 21.33, 99.94%, 20.693767, +80°24'47.1"
2004-11-07 06:15:56, 2453316.46940,    5h09m13.1s, -84°57'17.6", 23.06, 99.94%, 20.787992, +77°52'12.0"
2004-11-17 06:15:56, 2453326.46940,    4h48m29.4s, -85°09'26.7", 26.49, 99.95%, 20.877375, +75°34'47.8"
2004-11-27 06:15:56, 2453336.46940,    4h25m27.2s, -85°14'17.8", 23.00, 99.95%, 20.960649, +73°37'29.2"
2004-12-07 06:15:56, 2453346.46940,    4h02m13.2s, -85°11'27.5", 21.21, 99.95%, 21.036859, +72°04'29.4"
2004-12-17 06:15:55, 2453356.46940,    3h40m57.1s, -85°01'18.4", 20.23, 99.95%, 21.105149, +70°59'32.6"
2004-12-27 06:15:55, 2453366.46940,    3h23m14.8s, -84°44'57.0", 19.68, 99.95%, 21.164906, +70°25'32.5"
2005-01-06 06:15:55, 2453376.46940,    3h09m47.4s, -84°23'51.9", 19.35, 99.95%, 21.215878, +70°23'57.5"
2005-01-16 06:15:55, 2453386.46939,    3h00m34.9s, -83°59'32.8", 19.14, 99.95%, 21.257951, +70°55'05.7"
2005-01-26 06:15:55, 2453396.46939,    2h55m13.0s, -83°33'24.6", 19.02, 99.95%, 21.291367, +71°57'44.0"
2005-02-05 06:15:55, 2453406.46939,    2h53m06.6s, -83°06'37.0", 18.95, 99.95%, 21.316670, +73°29'22.6"
2005-02-15 06:15:55, 2453416.46939,    2h53m42.8s, -82°40'07.4", 18.91, 99.95%, 21.334532, +75°26'41.0"
2005-02-25 06:15:55, 2453426.46939,    2h56m31.0s, -82°14'44.3", 18.91, 99.95%, 21.345983, +77°45'17.2"
2005-03-07 06:15:55, 2453436.46939,    3h01m05.4s, -81°51'03.6", 18.94, 99.95%, 21.352196, +80°20'35.1"
2005-03-17 06:15:55, 2453446.46939,    3h07m05.8s, -81°29'35.7", 18.99, 99.95%, 21.354429, +83°07'50.8"
2005-03-27 06:15:55, 2453456.46939,    3h14m14.8s, -81°10'45.3", 19.08, 99.95%, 21.354189, +86°01'56.5"
2005-04-06 06:15:54, 2453466.46939,    3h22m18.5s, -80°54'48.7", 19.22, 99.95%, 21.352934, +88°58'08.1"
2005-04-16 06:15:54, 2453476.46939,    3h31m06.1s, -80°42'00.7", 19.43, 99.95%, 21.352152, +91°51'45.5"
2005-04-26 06:15:54, 2453486.46938,    3h40m27.0s, -80°32'31.3", 19.75, 99.95%, 21.353397, +94°37'58.8"
2005-05-06 06:15:54, 2453496.46938,    3h50m13.4s, -80°26'24.7", 20.26, 99.95%, 21.358024, +97°12'30.6"
2005-05-16 06:15:54, 2453506.46938,    4h00m17.7s, -80°23'45.3", 21.10, 99.95%, 21.367361, +99°31'07.5"
2005-05-26 06:15:54, 2453516.46938,    4h10m32.5s, -80°24'32.6", 22.52, 99.95%, 21.382613, +101°29'43.0"
2005-06-05 06:15:54, 2453526.46938,    4h20m51.3s, -80°28'42.6", 25.01, 99.95%, 21.404704, +103°04'53.6"
2005-06-15 06:15:54, 2453536.46938,    4h31m07.3s, -80°36'12.0", 24.69, 99.95%, 21.434486, +104°13'37.8"
2005-06-25 06:15:54, 2453546.46938,    4h41m12.8s, -80°46'52.0", 22.56, 99.95%, 21.472526, +104°53'36.9"
2005-07-05 06:15:54, 2453556.46938,    4h51m00.4s, -81°00'32.9", 21.38, 99.95%, 21.519125, +105°03'32.7"
2005-07-15 06:15:54, 2453566.46938,    5h00m21.1s, -81°17'04.4", 20.70, 99.95%, 21.574451, +104°42'57.8"
2005-07-25 06:15:53, 2453576.46937,    5h09m04.4s, -81°36'11.0", 20.31, 99.95%, 21.638313, +103°52'32.5"
2005-08-04 06:15:53, 2453586.46937,    5h16m58.8s, -81°57'37.0", 20.09, 99.95%, 21.710327, +102°33'48.7"
2005-08-14 06:15:53, 2453596.46937,    5h23m49.2s, -82°21'04.1", 19.98, 99.95%, 21.789923, +100°49'10.5"
2005-08-24 06:15:53, 2453606.46937,    5h29m18.1s, -82°46'08.3", 19.95, 99.95%, 21.876196, +98°41'51.8"
2005-09-03 06:15:53, 2453616.46937,    5h33m04.2s, -83°12'24.1", 20.00, 99.95%, 21.968155, +96°15'20.8"
2005-09-13 06:15:53, 2453626.46937,    5h34m39.9s, -83°39'19.1", 20.13, 99.95%, 22.064599, +93°33'41.5"
2005-09-23 06:15:53, 2453636.46937,    5h33m33.9s, -84°06'12.7", 20.36, 99.95%, 22.164115, +90°41'20.2"
2005-10-03 06:15:53, 2453646.46937,    5h29m09.3s, -84°32'17.6", 20.74, 99.95%, 22.265312, +87°42'34.3"
2005-10-13 06:15:53, 2453656.46937,    5h20m46.5s, -84°56'32.8", 21.37, 99.95%, 22.366628, +84°42'13.7"
2005-10-23 06:15:53, 2453666.46937,    5h07m54.8s, -85°17'45.8", 22.42, 99.95%, 22.466477, +81°45'17.1"
2005-11-02 06:15:53, 2453676.46936,    4h50m24.1s, -85°34'36.5", 24.24, 99.95%, 22.563398, +78°56'33.0"
2005-11-12 06:15:53, 2453686.46936,    4h28m48.7s, -85°45'42.0", 26.35, 99.95%, 22.655859, +76°21'18.3"
2005-11-22 06:15:52, 2453696.46936,    4h04m42.9s, -85°50'00.2", 23.47, 99.96%, 22.742526, +74°04'41.1"
2005-12-02 06:15:52, 2453706.46936,    3h40m23.9s, -85°47'06.0", 21.86, 99.96%, 22.822254, +72°11'24.9"
2005-12-12 06:15:52, 2453716.46936,    3h18m15.0s, -85°37'21.5", 20.92, 99.96%, 22.893978, +70°46'03.5"
